{
  "__type__": "cc.SpriteFrame",
  "content": {
    "name": "emoji",
    "atlas": "",
    "rect": {
      "x": 4,
      "y": 4,
      "width": 322,
      "height": 512
    },
    "offset": {
      "x": 0,
      "y": 0
    },
    "originalSize": {
      "width": 330,
      "height": 520
    },
    "rotated": false,
    "capInsets": [
      0,
      0,
      0,
      0
    ],
    "vertices": {
      "rawPosition": [
        -161,
        -256,
        0,
        161,
        -256,
        0,
        -161,
        256,
        0,
        161,
        256,
        0
      ],
      "indexes": [
        0,
        1,
        2,
        2,
        1,
        3
      ],
      "uv": [
        4,
        516,
        326,
        516,
        4,
        4,
        326,
        4
      ],
      "nuv": [
        0.012121212121212121,
        0.007692307692307693,
        0.9878787878787879,
        0.007692307692307693,
        0.012121212121212121,
        0.9923076923076923,
        0.9878787878787879,
        0.9923076923076923
      ],
      "minPos": {
        "x": -161,
        "y": -256,
        "z": 0
      },
      "maxPos": {
        "x": 161,
        "y": 256,
        "z": 0
      }
    },
    "texture": "14467498-6ced-4c3a-b004-1a8c05b87e39@6c48a",
    "packable": true,
    "pixelsToUnit": 100,
    "pivot": {
      "x": 0.5,
      "y": 0.5
    },
    "meshType": 0
  }
}