{
  "__type__": "cc.SpriteFrame",
  "content": {
    "name": "new_bg",
    "atlas": "",
    "rect": {
      "x": 62,
      "y": 0,
      "width": 1161,
      "height": 689
    },
    "offset": {
      "x": 2.5,
      "y": 15.5
    },
    "originalSize": {
      "width": 1280,
      "height": 720
    },
    "rotated": false,
    "capInsets": [
      0,
      0,
      0,
      0
    ],
    "vertices": {
      "rawPosition": [
        -580.5,
        -344.5,
        0,
        580.5,
        -344.5,
        0,
        -580.5,
        344.5,
        0,
        580.5,
        344.5,
        0
      ],
      "indexes": [
        0,
        1,
        2,
        2,
        1,
        3
      ],
      "uv": [
        62,
        720,
        1223,
        720,
        62,
        31,
        1223,
        31
      ],
      "nuv": [
        0.0484375,
        0.043055555555555555,
        0.95546875,
        0.043055555555555555,
        0.0484375,
        1,
        0.95546875,
        1
      ],
      "minPos": {
        "x": -580.5,
        "y": -344.5,
        "z": 0
      },
      "maxPos": {
        "x": 580.5,
        "y": 344.5,
        "z": 0
      }
    },
    "texture": "a71103dd-8c47-4cbc-9d12-ba6d8237ec57@6c48a",
    "packable": true,
    "pixelsToUnit": 100,
    "pivot": {
      "x": 0.5,
      "y": 0.5
    },
    "meshType": 0
  }
}