{
  "__type__": "cc.SpriteFrame",
  "content": {
    "name": "task",
    "atlas": "",
    "rect": {
      "x": 2,
      "y": 2,
      "width": 508,
      "height": 1013
    },
    "offset": {
      "x": 0,
      "y": 3.5
    },
    "originalSize": {
      "width": 512,
      "height": 1024
    },
    "rotated": false,
    "capInsets": [
      0,
      0,
      0,
      0
    ],
    "vertices": {
      "rawPosition": [
        -254,
        -506.5,
        0,
        254,
        -506.5,
        0,
        -254,
        506.5,
        0,
        254,
        506.5,
        0
      ],
      "indexes": [
        0,
        1,
        2,
        2,
        1,
        3
      ],
      "uv": [
        2,
        1022,
        510,
        1022,
        2,
        9,
        510,
        9
      ],
      "nuv": [
        0.00390625,
        0.0087890625,
        0.99609375,
        0.0087890625,
        0.00390625,
        0.998046875,
        0.99609375,
        0.998046875
      ],
      "minPos": {
        "x": -254,
        "y": -506.5,
        "z": 0
      },
      "maxPos": {
        "x": 254,
        "y": 506.5,
        "z": 0
      }
    },
    "texture": "969b71ed-8698-420b-b062-3b8aca0ebcaa@6c48a",
    "packable": true,
    "pixelsToUnit": 100,
    "pivot": {
      "x": 0.5,
      "y": 0.5
    },
    "meshType": 0
  }
}