{
  "__type__": "cc.SpriteFrame",
  "content": {
    "name": "item_coin",
    "atlas": "",
    "rect": {
      "x": 36,
      "y": 29,
      "width": 130,
      "height": 110
    },
    "offset": {
      "x": 3,
      "y": 0
    },
    "originalSize": {
      "width": 196,
      "height": 168
    },
    "rotated": false,
    "capInsets": [
      0,
      0,
      0,
      0
    ],
    "vertices": {
      "rawPosition": [
        -65,
        -55,
        0,
        65,
        -55,
        0,
        -65,
        55,
        0,
        65,
        55,
        0
      ],
      "indexes": [
        0,
        1,
        2,
        2,
        1,
        3
      ],
      "uv": [
        36,
        139,
        166,
        139,
        36,
        29,
        166,
        29
      ],
      "nuv": [
        0.1836734693877551,
        0.17261904761904762,
        0.8469387755102041,
        0.17261904761904762,
        0.1836734693877551,
        0.8273809523809523,
        0.8469387755102041,
        0.8273809523809523
      ],
      "minPos": {
        "x": -65,
        "y": -55,
        "z": 0
      },
      "maxPos": {
        "x": 65,
        "y": 55,
        "z": 0
      }
    },
    "texture": "96e6b3ee-f40d-4e60-999e-36915ede6bb2@6c48a",
    "packable": true,
    "pixelsToUnit": 100,
    "pivot": {
      "x": 0.5,
      "y": 0.5
    },
    "meshType": 0
  }
}