{
  "__type__": "cc.SpriteFrame",
  "content": {
    "name": "MJ_btn",
    "atlas": "",
    "rect": {
      "x": 1,
      "y": 1,
      "width": 1570,
      "height": 302
    },
    "offset": {
      "x": -0.5,
      "y": -0.5
    },
    "originalSize": {
      "width": 1573,
      "height": 303
    },
    "rotated": false,
    "capInsets": [
      0,
      0,
      0,
      0
    ],
    "vertices": {
      "rawPosition": [
        -785,
        -151,
        0,
        785,
        -151,
        0,
        -785,
        151,
        0,
        785,
        151,
        0
      ],
      "indexes": [
        0,
        1,
        2,
        2,
        1,
        3
      ],
      "uv": [
        1,
        302,
        1571,
        302,
        1,
        0,
        1571,
        0
      ],
      "nuv": [
        0.0006357279084551812,
        0,
        0.9987285441830897,
        0,
        0.0006357279084551812,
        0.9966996699669967,
        0.9987285441830897,
        0.9966996699669967
      ],
      "minPos": {
        "x": -785,
        "y": -151,
        "z": 0
      },
      "maxPos": {
        "x": 785,
        "y": 151,
        "z": 0
      }
    },
    "texture": "3cb321b4-38ee-4133-82b3-e0bb59f201ea@6c48a",
    "packable": true,
    "pixelsToUnit": 100,
    "pivot": {
      "x": 0.5,
      "y": 0.5
    },
    "meshType": 0
  }
}