{
  "__type__": "cc.SpriteFrame",
  "content": {
    "name": "hall",
    "atlas": "",
    "rect": {
      "x": 2,
      "y": 2,
      "width": 506,
      "height": 992
    },
    "offset": {
      "x": -1,
      "y": 14
    },
    "originalSize": {
      "width": 512,
      "height": 1024
    },
    "rotated": false,
    "capInsets": [
      0,
      0,
      0,
      0
    ],
    "vertices": {
      "rawPosition": [
        -253,
        -496,
        0,
        253,
        -496,
        0,
        -253,
        496,
        0,
        253,
        496,
        0
      ],
      "indexes": [
        0,
        1,
        2,
        2,
        1,
        3
      ],
      "uv": [
        2,
        1022,
        508,
        1022,
        2,
        30,
        508,
        30
      ],
      "nuv": [
        0.00390625,
        0.029296875,
        0.9921875,
        0.029296875,
        0.00390625,
        0.998046875,
        0.9921875,
        0.998046875
      ],
      "minPos": {
        "x": -253,
        "y": -496,
        "z": 0
      },
      "maxPos": {
        "x": 253,
        "y": 496,
        "z": 0
      }
    },
    "texture": "0e77ab71-640e-4517-bdc6-7f8147e8b6ca@6c48a",
    "packable": true,
    "pixelsToUnit": 100,
    "pivot": {
      "x": 0.5,
      "y": 0.5
    },
    "meshType": 0
  }
}