{
  "__type__": "cc.SpriteFrame",
  "content": {
    "name": "settle",
    "atlas": "",
    "rect": {
      "x": 0,
      "y": 0,
      "width": 1878,
      "height": 1557
    },
    "offset": {
      "x": -3,
      "y": 0
    },
    "originalSize": {
      "width": 1884,
      "height": 1557
    },
    "rotated": false,
    "capInsets": [
      0,
      0,
      0,
      0
    ],
    "vertices": {
      "rawPosition": [
        -939,
        -778.5,
        0,
        939,
        -778.5,
        0,
        -939,
        778.5,
        0,
        939,
        778.5,
        0
      ],
      "indexes": [
        0,
        1,
        2,
        2,
        1,
        3
      ],
      "uv": [
        0,
        1557,
        1878,
        1557,
        0,
        0,
        1878,
        0
      ],
      "nuv": [
        0,
        0,
        0.9968152866242038,
        0,
        0,
        1,
        0.9968152866242038,
        1
      ],
      "minPos": {
        "x": -939,
        "y": -778.5,
        "z": 0
      },
      "maxPos": {
        "x": 939,
        "y": 778.5,
        "z": 0
      }
    },
    "texture": "0efece9b-dfea-42b6-aa9b-15ad47729eaa@6c48a",
    "packable": true,
    "pixelsToUnit": 100,
    "pivot": {
      "x": 0.5,
      "y": 0.5
    },
    "meshType": 0
  }
}