{
  "__type__": "cc.SpriteFrame",
  "content": {
    "name": "act",
    "atlas": "",
    "rect": {
      "x": 2,
      "y": 2,
      "width": 508,
      "height": 222
    },
    "offset": {
      "x": 0,
      "y": 15
    },
    "originalSize": {
      "width": 512,
      "height": 256
    },
    "rotated": false,
    "capInsets": [
      0,
      0,
      0,
      0
    ],
    "vertices": {
      "rawPosition": [
        -254,
        -111,
        0,
        254,
        -111,
        0,
        -254,
        111,
        0,
        254,
        111,
        0
      ],
      "indexes": [
        0,
        1,
        2,
        2,
        1,
        3
      ],
      "uv": [
        2,
        254,
        510,
        254,
        2,
        32,
        510,
        32
      ],
      "nuv": [
        0.00390625,
        0.125,
        0.99609375,
        0.125,
        0.00390625,
        0.9921875,
        0.99609375,
        0.9921875
      ],
      "minPos": {
        "x": -254,
        "y": -111,
        "z": 0
      },
      "maxPos": {
        "x": 254,
        "y": 111,
        "z": 0
      }
    },
    "texture": "0c3f5394-eac1-45a4-8467-32d83eb149dd@6c48a",
    "packable": true,
    "pixelsToUnit": 100,
    "pivot": {
      "x": 0.5,
      "y": 0.5
    },
    "meshType": 0
  }
}