{
  "__type__": "cc.SpriteFrame",
  "content": {
    "name": "bankrupt_btn",
    "atlas": "",
    "rect": {
      "x": 4,
      "y": 5,
      "width": 225,
      "height": 352
    },
    "offset": {
      "x": 2,
      "y": -2
    },
    "originalSize": {
      "width": 229,
      "height": 358
    },
    "rotated": false,
    "capInsets": [
      0,
      0,
      0,
      0
    ],
    "vertices": {
      "rawPosition": [
        -112.5,
        -176,
        0,
        112.5,
        -176,
        0,
        -112.5,
        176,
        0,
        112.5,
        176,
        0
      ],
      "indexes": [
        0,
        1,
        2,
        2,
        1,
        3
      ],
      "uv": [
        4,
        353,
        229,
        353,
        4,
        1,
        229,
        1
      ],
      "nuv": [
        0.017467248908296942,
        0.002793296089385475,
        1,
        0.002793296089385475,
        0.017467248908296942,
        0.9860335195530726,
        1,
        0.9860335195530726
      ],
      "minPos": {
        "x": -112.5,
        "y": -176,
        "z": 0
      },
      "maxPos": {
        "x": 112.5,
        "y": 176,
        "z": 0
      }
    },
    "texture": "0c5fdf40-f745-49d1-a7e7-4b0cd60ca451@6c48a",
    "packable": true,
    "pixelsToUnit": 100,
    "pivot": {
      "x": 0.5,
      "y": 0.5
    },
    "meshType": 0
  }
}