{
  "__type__": "cc.SpriteFrame",
  "content": {
    "name": "common1",
    "atlas": "",
    "rect": {
      "x": 2,
      "y": 2,
      "width": 1012,
      "height": 935
    },
    "offset": {
      "x": -4,
      "y": 42.5
    },
    "originalSize": {
      "width": 1024,
      "height": 1024
    },
    "rotated": false,
    "capInsets": [
      0,
      0,
      0,
      0
    ],
    "vertices": {
      "rawPosition": [
        -506,
        -467.5,
        0,
        506,
        -467.5,
        0,
        -506,
        467.5,
        0,
        506,
        467.5,
        0
      ],
      "indexes": [
        0,
        1,
        2,
        2,
        1,
        3
      ],
      "uv": [
        2,
        1022,
        1014,
        1022,
        2,
        87,
        1014,
        87
      ],
      "nuv": [
        0.001953125,
        0.0849609375,
        0.990234375,
        0.0849609375,
        0.001953125,
        0.998046875,
        0.990234375,
        0.998046875
      ],
      "minPos": {
        "x": -506,
        "y": -467.5,
        "z": 0
      },
      "maxPos": {
        "x": 506,
        "y": 467.5,
        "z": 0
      }
    },
    "texture": "4e21f306-d67f-41cd-9ebd-3bd4d4ec704a@6c48a",
    "packable": true,
    "pixelsToUnit": 100,
    "pivot": {
      "x": 0.5,
      "y": 0.5
    },
    "meshType": 0
  }
}