{
  "__type__": "cc.SpriteFrame",
  "content": {
    "name": "light",
    "atlas": "",
    "rect": {
      "x": 2,
      "y": 2,
      "width": 405,
      "height": 103
    },
    "offset": {
      "x": 0,
      "y": 0
    },
    "originalSize": {
      "width": 409,
      "height": 107
    },
    "rotated": false,
    "capInsets": [
      0,
      0,
      0,
      0
    ],
    "vertices": {
      "rawPosition": [
        -202.5,
        -51.5,
        0,
        202.5,
        -51.5,
        0,
        -202.5,
        51.5,
        0,
        202.5,
        51.5,
        0
      ],
      "indexes": [
        0,
        1,
        2,
        2,
        1,
        3
      ],
      "uv": [
        2,
        105,
        407,
        105,
        2,
        2,
        407,
        2
      ],
      "nuv": [
        0.004889975550122249,
        0.018691588785046728,
        0.9951100244498777,
        0.018691588785046728,
        0.004889975550122249,
        0.9813084112149533,
        0.9951100244498777,
        0.9813084112149533
      ],
      "minPos": {
        "x": -202.5,
        "y": -51.5,
        "z": 0
      },
      "maxPos": {
        "x": 202.5,
        "y": 51.5,
        "z": 0
      }
    },
    "texture": "4e33532e-ea06-4743-965c-a010232d76c8@6c48a",
    "packable": true,
    "pixelsToUnit": 100,
    "pivot": {
      "x": 0.5,
      "y": 0.5
    },
    "meshType": 0
  }
}