{
  "__type__": "cc.SpriteFrame",
  "content": {
    "name": "JDDD_btn",
    "atlas": "",
    "rect": {
      "x": 2,
      "y": 2,
      "width": 283,
      "height": 92
    },
    "offset": {
      "x": 0,
      "y": 0
    },
    "originalSize": {
      "width": 287,
      "height": 96
    },
    "rotated": false,
    "capInsets": [
      0,
      0,
      0,
      0
    ],
    "vertices": {
      "rawPosition": [
        -141.5,
        -46,
        0,
        141.5,
        -46,
        0,
        -141.5,
        46,
        0,
        141.5,
        46,
        0
      ],
      "indexes": [
        0,
        1,
        2,
        2,
        1,
        3
      ],
      "uv": [
        2,
        94,
        285,
        94,
        2,
        2,
        285,
        2
      ],
      "nuv": [
        0.006968641114982578,
        0.020833333333333332,
        0.9930313588850174,
        0.020833333333333332,
        0.006968641114982578,
        0.9791666666666666,
        0.9930313588850174,
        0.9791666666666666
      ],
      "minPos": {
        "x": -141.5,
        "y": -46,
        "z": 0
      },
      "maxPos": {
        "x": 141.5,
        "y": 46,
        "z": 0
      }
    },
    "texture": "dff3ebe9-2a25-426b-843b-e04d018792d4@6c48a",
    "packable": true,
    "pixelsToUnit": 100,
    "pivot": {
      "x": 0.5,
      "y": 0.5
    },
    "meshType": 0
  }
}