{
  "__type__": "cc.SpriteFrame",
  "content": {
    "name": "netLoad",
    "atlas": "",
    "rect": {
      "x": 2,
      "y": 2,
      "width": 246,
      "height": 567
    },
    "offset": {
      "x": -3,
      "y": 226.5
    },
    "originalSize": {
      "width": 256,
      "height": 1024
    },
    "rotated": false,
    "capInsets": [
      0,
      0,
      0,
      0
    ],
    "vertices": {
      "rawPosition": [
        -123,
        -283.5,
        0,
        123,
        -283.5,
        0,
        -123,
        283.5,
        0,
        123,
        283.5,
        0
      ],
      "indexes": [
        0,
        1,
        2,
        2,
        1,
        3
      ],
      "uv": [
        2,
        1022,
        248,
        1022,
        2,
        455,
        248,
        455
      ],
      "nuv": [
        0.0078125,
        0.4443359375,
        0.96875,
        0.4443359375,
        0.0078125,
        0.998046875,
        0.96875,
        0.998046875
      ],
      "minPos": {
        "x": -123,
        "y": -283.5,
        "z": 0
      },
      "maxPos": {
        "x": 123,
        "y": 283.5,
        "z": 0
      }
    },
    "texture": "947c3bbb-9cb5-49a4-88d5-ad6860e29354@6c48a",
    "packable": true,
    "pixelsToUnit": 100,
    "pivot": {
      "x": 0.5,
      "y": 0.5
    },
    "meshType": 0
  }
}