{
  "__type__": "cc.SpriteFrame",
  "content": {
    "name": "JS-SL",
    "atlas": "",
    "rect": {
      "x": 2,
      "y": 2,
      "width": 1915,
      "height": 1026
    },
    "offset": {
      "x": 0,
      "y": 0
    },
    "originalSize": {
      "width": 1919,
      "height": 1030
    },
    "rotated": false,
    "capInsets": [
      0,
      0,
      0,
      0
    ],
    "vertices": {
      "rawPosition": [
        -957.5,
        -513,
        0,
        957.5,
        -513,
        0,
        -957.5,
        513,
        0,
        957.5,
        513,
        0
      ],
      "indexes": [
        0,
        1,
        2,
        2,
        1,
        3
      ],
      "uv": [
        2,
        1028,
        1917,
        1028,
        2,
        2,
        1917,
        2
      ],
      "nuv": [
        0.0010422094841063053,
        0.001941747572815534,
        0.9989577905158937,
        0.001941747572815534,
        0.0010422094841063053,
        0.9980582524271845,
        0.9989577905158937,
        0.9980582524271845
      ],
      "minPos": {
        "x": -957.5,
        "y": -513,
        "z": 0
      },
      "maxPos": {
        "x": 957.5,
        "y": 513,
        "z": 0
      }
    },
    "texture": "ce829d0c-8166-400e-812a-c53846b3ea40@6c48a",
    "packable": true,
    "pixelsToUnit": 100,
    "pivot": {
      "x": 0.5,
      "y": 0.5
    },
    "meshType": 0
  }
}