{
  "__type__": "cc.SpriteFrame",
  "content": {
    "name": "skeleton",
    "atlas": "",
    "rect": {
      "x": 0,
      "y": 14,
      "width": 515,
      "height": 520
    },
    "offset": {
      "x": -0.5,
      "y": -7
    },
    "originalSize": {
      "width": 516,
      "height": 534
    },
    "rotated": false,
    "capInsets": [
      0,
      0,
      0,
      0
    ],
    "vertices": {
      "rawPosition": [
        -257.5,
        -260,
        0,
        257.5,
        -260,
        0,
        -257.5,
        260,
        0,
        257.5,
        260,
        0
      ],
      "indexes": [
        0,
        1,
        2,
        2,
        1,
        3
      ],
      "uv": [
        0,
        520,
        515,
        520,
        0,
        0,
        515,
        0
      ],
      "nuv": [
        0,
        0,
        0.998062015503876,
        0,
        0,
        0.9737827715355806,
        0.998062015503876,
        0.9737827715355806
      ],
      "minPos": {
        "x": -257.5,
        "y": -260,
        "z": 0
      },
      "maxPos": {
        "x": 257.5,
        "y": 260,
        "z": 0
      }
    },
    "texture": "d517ede4-ef26-4491-afca-8bc9d5c48c41@6c48a",
    "packable": true,
    "pixelsToUnit": 100,
    "pivot": {
      "x": 0.5,
      "y": 0.5
    },
    "meshType": 0
  }
}