{
  "__type__": "cc.SpriteFrame",
  "content": {
    "name": "emojiProp",
    "atlas": "",
    "rect": {
      "x": 14,
      "y": 13,
      "width": 160,
      "height": 163
    },
    "offset": {
      "x": -34,
      "y": 33.5
    },
    "originalSize": {
      "width": 256,
      "height": 256
    },
    "rotated": false,
    "capInsets": [
      0,
      0,
      0,
      0
    ],
    "vertices": {
      "rawPosition": [
        -80,
        -81.5,
        0,
        80,
        -81.5,
        0,
        -80,
        81.5,
        0,
        80,
        81.5,
        0
      ],
      "indexes": [
        0,
        1,
        2,
        2,
        1,
        3
      ],
      "uv": [
        14,
        243,
        174,
        243,
        14,
        80,
        174,
        80
      ],
      "nuv": [
        0.0546875,
        0.3125,
        0.6796875,
        0.3125,
        0.0546875,
        0.94921875,
        0.6796875,
        0.94921875
      ],
      "minPos": {
        "x": -80,
        "y": -81.5,
        "z": 0
      },
      "maxPos": {
        "x": 80,
        "y": 81.5,
        "z": 0
      }
    },
    "texture": "43db396e-b28a-4a83-9849-c46ddf4b22ef@6c48a",
    "packable": true,
    "pixelsToUnit": 100,
    "pivot": {
      "x": 0.5,
      "y": 0.5
    },
    "meshType": 0
  }
}