{
  "__type__": "cc.SpriteFrame",
  "content": {
    "name": "item_boom",
    "atlas": "",
    "rect": {
      "x": 41,
      "y": 12,
      "width": 127,
      "height": 142
    },
    "offset": {
      "x": 6.5,
      "y": 1
    },
    "originalSize": {
      "width": 196,
      "height": 168
    },
    "rotated": false,
    "capInsets": [
      0,
      0,
      0,
      0
    ],
    "vertices": {
      "rawPosition": [
        -63.5,
        -71,
        0,
        63.5,
        -71,
        0,
        -63.5,
        71,
        0,
        63.5,
        71,
        0
      ],
      "indexes": [
        0,
        1,
        2,
        2,
        1,
        3
      ],
      "uv": [
        41,
        156,
        168,
        156,
        41,
        14,
        168,
        14
      ],
      "nuv": [
        0.20918367346938777,
        0.08333333333333333,
        0.8571428571428571,
        0.08333333333333333,
        0.20918367346938777,
        0.9285714285714286,
        0.8571428571428571,
        0.9285714285714286
      ],
      "minPos": {
        "x": -63.5,
        "y": -71,
        "z": 0
      },
      "maxPos": {
        "x": 63.5,
        "y": 71,
        "z": 0
      }
    },
    "texture": "c660d004-d4fa-44e3-8747-a9c78b86a367@6c48a",
    "packable": true,
    "pixelsToUnit": 100,
    "pivot": {
      "x": 0.5,
      "y": 0.5
    },
    "meshType": 0
  }
}