{
  "__type__": "cc.SpriteFrame",
  "content": {
    "name": "get_TS",
    "atlas": "",
    "rect": {
      "x": 0,
      "y": 1,
      "width": 487,
      "height": 299
    },
    "offset": {
      "x": -2,
      "y": -0.5
    },
    "originalSize": {
      "width": 491,
      "height": 300
    },
    "rotated": false,
    "capInsets": [
      0,
      0,
      0,
      0
    ],
    "vertices": {
      "rawPosition": [
        -243.5,
        -149.5,
        0,
        243.5,
        -149.5,
        0,
        -243.5,
        149.5,
        0,
        243.5,
        149.5,
        0
      ],
      "indexes": [
        0,
        1,
        2,
        2,
        1,
        3
      ],
      "uv": [
        0,
        299,
        487,
        299,
        0,
        0,
        487,
        0
      ],
      "nuv": [
        0,
        0,
        0.9918533604887984,
        0,
        0,
        0.9966666666666667,
        0.9918533604887984,
        0.9966666666666667
      ],
      "minPos": {
        "x": -243.5,
        "y": -149.5,
        "z": 0
      },
      "maxPos": {
        "x": 243.5,
        "y": 149.5,
        "z": 0
      }
    },
    "texture": "d3642a77-6d6b-4f54-b16c-ca44b3969125@6c48a",
    "packable": true,
    "pixelsToUnit": 100,
    "pivot": {
      "x": 0.5,
      "y": 0.5
    },
    "meshType": 0
  }
}