{
  "__type__": "cc.SpriteFrame",
  "content": {
    "name": "lookBrand",
    "atlas": "",
    "rect": {
      "x": 42,
      "y": 23,
      "width": 116,
      "height": 117
    },
    "offset": {
      "x": 2,
      "y": 2.5
    },
    "originalSize": {
      "width": 196,
      "height": 168
    },
    "rotated": false,
    "capInsets": [
      0,
      0,
      0,
      0
    ],
    "vertices": {
      "rawPosition": [
        -58,
        -58.5,
        0,
        58,
        -58.5,
        0,
        -58,
        58.5,
        0,
        58,
        58.5,
        0
      ],
      "indexes": [
        0,
        1,
        2,
        2,
        1,
        3
      ],
      "uv": [
        42,
        145,
        158,
        145,
        42,
        28,
        158,
        28
      ],
      "nuv": [
        0.21428571428571427,
        0.16666666666666666,
        0.8061224489795918,
        0.16666666666666666,
        0.21428571428571427,
        0.8630952380952381,
        0.8061224489795918,
        0.8630952380952381
      ],
      "minPos": {
        "x": -58,
        "y": -58.5,
        "z": 0
      },
      "maxPos": {
        "x": 58,
        "y": 58.5,
        "z": 0
      }
    },
    "texture": "8d4a0fe0-dfc0-44c0-9fdd-4b8a7cc11c3a@6c48a",
    "packable": true,
    "pixelsToUnit": 100,
    "pivot": {
      "x": 0.5,
      "y": 0.5
    },
    "meshType": 0
  }
}