{
  "__type__": "cc.SpriteFrame",
  "content": {
    "name": "mail",
    "atlas": "",
    "rect": {
      "x": 2,
      "y": 2,
      "width": 1764,
      "height": 1281
    },
    "offset": {
      "x": -140,
      "y": 381.5
    },
    "originalSize": {
      "width": 2048,
      "height": 2048
    },
    "rotated": false,
    "capInsets": [
      0,
      0,
      0,
      0
    ],
    "vertices": {
      "rawPosition": [
        -882,
        -640.5,
        0,
        882,
        -640.5,
        0,
        -882,
        640.5,
        0,
        882,
        640.5,
        0
      ],
      "indexes": [
        0,
        1,
        2,
        2,
        1,
        3
      ],
      "uv": [
        2,
        2046,
        1766,
        2046,
        2,
        765,
        1766,
        765
      ],
      "nuv": [
        0.0009765625,
        0.37353515625,
        0.8623046875,
        0.37353515625,
        0.0009765625,
        0.9990234375,
        0.8623046875,
        0.9990234375
      ],
      "minPos": {
        "x": -882,
        "y": -640.5,
        "z": 0
      },
      "maxPos": {
        "x": 882,
        "y": 640.5,
        "z": 0
      }
    },
    "texture": "8d7d65e5-edc9-4f1c-8632-2d84e93b11b2@6c48a",
    "packable": true,
    "pixelsToUnit": 100,
    "pivot": {
      "x": 0.5,
      "y": 0.5
    },
    "meshType": 0
  }
}