{
  "__type__": "cc.SpriteFrame",
  "content": {
    "name": "MRQD",
    "atlas": "",
    "rect": {
      "x": 2,
      "y": 2,
      "width": 655,
      "height": 333
    },
    "offset": {
      "x": -0.5,
      "y": 0
    },
    "originalSize": {
      "width": 660,
      "height": 337
    },
    "rotated": false,
    "capInsets": [
      0,
      0,
      0,
      0
    ],
    "vertices": {
      "rawPosition": [
        -327.5,
        -166.5,
        0,
        327.5,
        -166.5,
        0,
        -327.5,
        166.5,
        0,
        327.5,
        166.5,
        0
      ],
      "indexes": [
        0,
        1,
        2,
        2,
        1,
        3
      ],
      "uv": [
        2,
        335,
        657,
        335,
        2,
        2,
        657,
        2
      ],
      "nuv": [
        0.0030303030303030303,
        0.005934718100890208,
        0.9954545454545455,
        0.005934718100890208,
        0.0030303030303030303,
        0.9940652818991098,
        0.9954545454545455,
        0.9940652818991098
      ],
      "minPos": {
        "x": -327.5,
        "y": -166.5,
        "z": 0
      },
      "maxPos": {
        "x": 327.5,
        "y": 166.5,
        "z": 0
      }
    },
    "texture": "cad3d141-db3d-4c8c-ae3c-ec479923b975@6c48a",
    "packable": true,
    "pixelsToUnit": 100,
    "pivot": {
      "x": 0.5,
      "y": 0.5
    },
    "meshType": 0
  }
}