{
  "__type__": "cc.SpriteFrame",
  "content": {
    "name": "firstPay",
    "atlas": "",
    "rect": {
      "x": 2,
      "y": 2,
      "width": 958,
      "height": 1278
    },
    "offset": {
      "x": -31,
      "y": 383
    },
    "originalSize": {
      "width": 1024,
      "height": 2048
    },
    "rotated": false,
    "capInsets": [
      0,
      0,
      0,
      0
    ],
    "vertices": {
      "rawPosition": [
        -479,
        -639,
        0,
        479,
        -639,
        0,
        -479,
        639,
        0,
        479,
        639,
        0
      ],
      "indexes": [
        0,
        1,
        2,
        2,
        1,
        3
      ],
      "uv": [
        2,
        2046,
        960,
        2046,
        2,
        768,
        960,
        768
      ],
      "nuv": [
        0.001953125,
        0.375,
        0.9375,
        0.375,
        0.001953125,
        0.9990234375,
        0.9375,
        0.9990234375
      ],
      "minPos": {
        "x": -479,
        "y": -639,
        "z": 0
      },
      "maxPos": {
        "x": 479,
        "y": 639,
        "z": 0
      }
    },
    "texture": "19be09d2-b5ae-43b0-a146-788b16415f34@6c48a",
    "packable": true,
    "pixelsToUnit": 100,
    "pivot": {
      "x": 0.5,
      "y": 0.5
    },
    "meshType": 0
  }
}