{
  "__type__": "cc.SpriteFrame",
  "content": {
    "name": "1",
    "atlas": "",
    "rect": {
      "x": 5,
      "y": 19,
      "width": 580,
      "height": 2190
    },
    "offset": {
      "x": 0,
      "y": 9.5
    },
    "originalSize": {
      "width": 590,
      "height": 2247
    },
    "rotated": false,
    "capInsets": [
      0,
      0,
      0,
      0
    ],
    "vertices": {
      "rawPosition": [
        -290,
        -1095,
        0,
        290,
        -1095,
        0,
        -290,
        1095,
        0,
        290,
        1095,
        0
      ],
      "indexes": [
        0,
        1,
        2,
        2,
        1,
        3
      ],
      "uv": [
        5,
        2228,
        585,
        2228,
        5,
        38,
        585,
        38
      ],
      "nuv": [
        0.00847457627118644,
        0.016911437472185136,
        0.9915254237288136,
        0.016911437472185136,
        0.00847457627118644,
        0.9915442812639075,
        0.9915254237288136,
        0.9915442812639075
      ],
      "minPos": {
        "x": -290,
        "y": -1095,
        "z": 0
      },
      "maxPos": {
        "x": 290,
        "y": 1095,
        "z": 0
      }
    },
    "texture": "19ec2190-c94e-4ca1-bdaa-49f96659d68c@6c48a",
    "packable": true,
    "pixelsToUnit": 100,
    "pivot": {
      "x": 0.5,
      "y": 0.5
    },
    "meshType": 0
  }
}