{
  "__type__": "cc.SpriteFrame",
  "content": {
    "name": "friend",
    "atlas": "",
    "rect": {
      "x": 2,
      "y": 2,
      "width": 507,
      "height": 235
    },
    "offset": {
      "x": -0.5,
      "y": 8.5
    },
    "originalSize": {
      "width": 512,
      "height": 256
    },
    "rotated": false,
    "capInsets": [
      0,
      0,
      0,
      0
    ],
    "vertices": {
      "rawPosition": [
        -253.5,
        -117.5,
        0,
        253.5,
        -117.5,
        0,
        -253.5,
        117.5,
        0,
        253.5,
        117.5,
        0
      ],
      "indexes": [
        0,
        1,
        2,
        2,
        1,
        3
      ],
      "uv": [
        2,
        254,
        509,
        254,
        2,
        19,
        509,
        19
      ],
      "nuv": [
        0.00390625,
        0.07421875,
        0.994140625,
        0.07421875,
        0.00390625,
        0.9921875,
        0.994140625,
        0.9921875
      ],
      "minPos": {
        "x": -253.5,
        "y": -117.5,
        "z": 0
      },
      "maxPos": {
        "x": 253.5,
        "y": 117.5,
        "z": 0
      }
    },
    "texture": "a57bcf64-579c-40a1-9243-3013ef1d3d86@6c48a",
    "packable": true,
    "pixelsToUnit": 100,
    "pivot": {
      "x": 0.5,
      "y": 0.5
    },
    "meshType": 0
  }
}