{
  "__type__": "cc.SpriteFrame",
  "content": {
    "name": "bugang",
    "atlas": "",
    "rect": {
      "x": 0,
      "y": 0,
      "width": 194,
      "height": 290
    },
    "offset": {
      "x": 0,
      "y": 3.5
    },
    "originalSize": {
      "width": 194,
      "height": 297
    },
    "rotated": false,
    "capInsets": [
      0,
      0,
      0,
      0
    ],
    "vertices": {
      "rawPosition": [
        -97,
        -145,
        0,
        97,
        -145,
        0,
        -97,
        145,
        0,
        97,
        145,
        0
      ],
      "indexes": [
        0,
        1,
        2,
        2,
        1,
        3
      ],
      "uv": [
        0,
        297,
        194,
        297,
        0,
        7,
        194,
        7
      ],
      "nuv": [
        0,
        0.02356902356902357,
        1,
        0.02356902356902357,
        0,
        1,
        1,
        1
      ],
      "minPos": {
        "x": -97,
        "y": -145,
        "z": 0
      },
      "maxPos": {
        "x": 97,
        "y": 145,
        "z": 0
      }
    },
    "texture": "59d51155-aebe-4d2d-bff8-81e316f4e60a@6c48a",
    "packable": true,
    "pixelsToUnit": 100,
    "pivot": {
      "x": 0.5,
      "y": 0.5
    },
    "meshType": 0
  }
}