{
  "__type__": "cc.SpriteFrame",
  "content": {
    "name": "JDDD",
    "atlas": "",
    "rect": {
      "x": 2,
      "y": 2,
      "width": 1694,
      "height": 582
    },
    "offset": {
      "x": 0,
      "y": 0
    },
    "originalSize": {
      "width": 1698,
      "height": 586
    },
    "rotated": false,
    "capInsets": [
      0,
      0,
      0,
      0
    ],
    "vertices": {
      "rawPosition": [
        -847,
        -291,
        0,
        847,
        -291,
        0,
        -847,
        291,
        0,
        847,
        291,
        0
      ],
      "indexes": [
        0,
        1,
        2,
        2,
        1,
        3
      ],
      "uv": [
        2,
        584,
        1696,
        584,
        2,
        2,
        1696,
        2
      ],
      "nuv": [
        0.001177856301531213,
        0.0034129692832764505,
        0.9988221436984688,
        0.0034129692832764505,
        0.001177856301531213,
        0.9965870307167235,
        0.9988221436984688,
        0.9965870307167235
      ],
      "minPos": {
        "x": -847,
        "y": -291,
        "z": 0
      },
      "maxPos": {
        "x": 847,
        "y": 291,
        "z": 0
      }
    },
    "texture": "e86d51f4-76f3-4751-a2a5-66937b0ca26f@6c48a",
    "packable": true,
    "pixelsToUnit": 100,
    "pivot": {
      "x": 0.5,
      "y": 0.5
    },
    "meshType": 0
  }
}