{
  "__type__": "cc.SpriteFrame",
  "content": {
    "name": "player",
    "atlas": "",
    "rect": {
      "x": 2,
      "y": 2,
      "width": 1015,
      "height": 599
    },
    "offset": {
      "x": -2.5,
      "y": 210.5
    },
    "originalSize": {
      "width": 1024,
      "height": 1024
    },
    "rotated": false,
    "capInsets": [
      0,
      0,
      0,
      0
    ],
    "vertices": {
      "rawPosition": [
        -507.5,
        -299.5,
        0,
        507.5,
        -299.5,
        0,
        -507.5,
        299.5,
        0,
        507.5,
        299.5,
        0
      ],
      "indexes": [
        0,
        1,
        2,
        2,
        1,
        3
      ],
      "uv": [
        2,
        1022,
        1017,
        1022,
        2,
        423,
        1017,
        423
      ],
      "nuv": [
        0.001953125,
        0.4130859375,
        0.9931640625,
        0.4130859375,
        0.001953125,
        0.998046875,
        0.9931640625,
        0.998046875
      ],
      "minPos": {
        "x": -507.5,
        "y": -299.5,
        "z": 0
      },
      "maxPos": {
        "x": 507.5,
        "y": 299.5,
        "z": 0
      }
    },
    "texture": "fbd9230b-1421-47f6-8243-2a63ad14a3ec@6c48a",
    "packable": true,
    "pixelsToUnit": 100,
    "pivot": {
      "x": 0.5,
      "y": 0.5
    },
    "meshType": 0
  }
}