{
  "__type__": "cc.SpriteFrame",
  "content": {
    "name": "pointTextPlist",
    "atlas": "",
    "rect": {
      "x": 3,
      "y": 3,
      "width": 1005,
      "height": 1876
    },
    "offset": {
      "x": -6.5,
      "y": 83
    },
    "originalSize": {
      "width": 1024,
      "height": 2048
    },
    "rotated": false,
    "capInsets": [
      0,
      0,
      0,
      0
    ],
    "vertices": {
      "rawPosition": [
        -502.5,
        -938,
        0,
        502.5,
        -938,
        0,
        -502.5,
        938,
        0,
        502.5,
        938,
        0
      ],
      "indexes": [
        0,
        1,
        2,
        2,
        1,
        3
      ],
      "uv": [
        3,
        2045,
        1008,
        2045,
        3,
        169,
        1008,
        169
      ],
      "nuv": [
        0.0029296875,
        0.08251953125,
        0.984375,
        0.08251953125,
        0.0029296875,
        0.99853515625,
        0.984375,
        0.99853515625
      ],
      "minPos": {
        "x": -502.5,
        "y": -938,
        "z": 0
      },
      "maxPos": {
        "x": 502.5,
        "y": 938,
        "z": 0
      }
    },
    "texture": "175bd8c3-e046-4c21-aee4-9da1d0798460@6c48a",
    "packable": true,
    "pixelsToUnit": 100,
    "pivot": {
      "x": 0.5,
      "y": 0.5
    },
    "meshType": 0
  }
}