{
  "__type__": "cc.SpriteFrame",
  "content": {
    "name": "hand_dianji",
    "atlas": "",
    "rect": {
      "x": 1,
      "y": 1,
      "width": 189,
      "height": 99
    },
    "offset": {
      "x": 0.5,
      "y": -0.5
    },
    "originalSize": {
      "width": 190,
      "height": 100
    },
    "rotated": false,
    "capInsets": [
      0,
      0,
      0,
      0
    ],
    "vertices": {
      "rawPosition": [
        -94.5,
        -49.5,
        0,
        94.5,
        -49.5,
        0,
        -94.5,
        49.5,
        0,
        94.5,
        49.5,
        0
      ],
      "indexes": [
        0,
        1,
        2,
        2,
        1,
        3
      ],
      "uv": [
        1,
        99,
        190,
        99,
        1,
        0,
        190,
        0
      ],
      "nuv": [
        0.005263157894736842,
        0,
        1,
        0,
        0.005263157894736842,
        0.99,
        1,
        0.99
      ],
      "minPos": {
        "x": -94.5,
        "y": -49.5,
        "z": 0
      },
      "maxPos": {
        "x": 94.5,
        "y": 49.5,
        "z": 0
      }
    },
    "texture": "ab303196-6fe8-4339-a4c2-fef4a0631ba5@6c48a",
    "packable": true,
    "pixelsToUnit": 100,
    "pivot": {
      "x": 0.5,
      "y": 0.5
    },
    "meshType": 0
  }
}