{
  "__type__": "cc.SpriteFrame",
  "content": {
    "name": "XC",
    "atlas": "",
    "rect": {
      "x": 1,
      "y": 1,
      "width": 729,
      "height": 392
    },
    "offset": {
      "x": 0.5,
      "y": -0.5
    },
    "originalSize": {
      "width": 730,
      "height": 393
    },
    "rotated": false,
    "capInsets": [
      0,
      0,
      0,
      0
    ],
    "vertices": {
      "rawPosition": [
        -364.5,
        -196,
        0,
        364.5,
        -196,
        0,
        -364.5,
        196,
        0,
        364.5,
        196,
        0
      ],
      "indexes": [
        0,
        1,
        2,
        2,
        1,
        3
      ],
      "uv": [
        1,
        392,
        730,
        392,
        1,
        0,
        730,
        0
      ],
      "nuv": [
        0.0013698630136986301,
        0,
        1,
        0,
        0.0013698630136986301,
        0.9974554707379135,
        1,
        0.9974554707379135
      ],
      "minPos": {
        "x": -364.5,
        "y": -196,
        "z": 0
      },
      "maxPos": {
        "x": 364.5,
        "y": 196,
        "z": 0
      }
    },
    "texture": "fc113f5f-5873-4b2b-8029-2608aa4b3121@6c48a",
    "packable": true,
    "pixelsToUnit": 100,
    "pivot": {
      "x": 0.5,
      "y": 0.5
    },
    "meshType": 0
  }
}