{
  "__type__": "cc.SpriteFrame",
  "content": {
    "name": "mj_hu",
    "atlas": "",
    "rect": {
      "x": 0,
      "y": 1,
      "width": 750,
      "height": 1038
    },
    "offset": {
      "x": -3,
      "y": -0.5
    },
    "originalSize": {
      "width": 756,
      "height": 1039
    },
    "rotated": false,
    "capInsets": [
      0,
      0,
      0,
      0
    ],
    "vertices": {
      "rawPosition": [
        -375,
        -519,
        0,
        375,
        -519,
        0,
        -375,
        519,
        0,
        375,
        519,
        0
      ],
      "indexes": [
        0,
        1,
        2,
        2,
        1,
        3
      ],
      "uv": [
        0,
        1038,
        750,
        1038,
        0,
        0,
        750,
        0
      ],
      "nuv": [
        0,
        0,
        0.9920634920634921,
        0,
        0,
        0.9990375360923965,
        0.9920634920634921,
        0.9990375360923965
      ],
      "minPos": {
        "x": -375,
        "y": -519,
        "z": 0
      },
      "maxPos": {
        "x": 375,
        "y": 519,
        "z": 0
      }
    },
    "texture": "80a1a0af-6dad-45f6-a754-79727d474f0d@6c48a",
    "packable": true,
    "pixelsToUnit": 100,
    "pivot": {
      "x": 0.5,
      "y": 0.5
    },
    "meshType": 0
  }
}