{
  "__type__": "cc.SpriteFrame",
  "content": {
    "name": "toast_bg",
    "atlas": "",
    "rect": {
      "x": 19,
      "y": 0,
      "width": 1248,
      "height": 101
    },
    "offset": {
      "x": 3,
      "y": 0
    },
    "originalSize": {
      "width": 1280,
      "height": 101
    },
    "rotated": false,
    "capInsets": [
      0,
      0,
      0,
      0
    ],
    "vertices": {
      "rawPosition": [
        -624,
        -50.5,
        0,
        624,
        -50.5,
        0,
        -624,
        50.5,
        0,
        624,
        50.5,
        0
      ],
      "indexes": [
        0,
        1,
        2,
        2,
        1,
        3
      ],
      "uv": [
        19,
        101,
        1267,
        101,
        19,
        0,
        1267,
        0
      ],
      "nuv": [
        0.01484375,
        0,
        0.98984375,
        0,
        0.01484375,
        1,
        0.98984375,
        1
      ],
      "minPos": {
        "x": -624,
        "y": -50.5,
        "z": 0
      },
      "maxPos": {
        "x": 624,
        "y": 50.5,
        "z": 0
      }
    },
    "texture": "a9c46c4e-7f7a-4ac8-b30d-dd98fc3061ef@6c48a",
    "packable": true,
    "pixelsToUnit": 100,
    "pivot": {
      "x": 0.5,
      "y": 0.5
    },
    "meshType": 0
  }
}