{
  "__type__": "cc.SpriteFrame",
  "content": {
    "name": "settle_win",
    "atlas": "",
    "rect": {
      "x": 0,
      "y": 2,
      "width": 108,
      "height": 354
    },
    "offset": {
      "x": 0,
      "y": -1
    },
    "originalSize": {
      "width": 108,
      "height": 356
    },
    "rotated": false,
    "capInsets": [
      0,
      0,
      0,
      0
    ],
    "vertices": {
      "rawPosition": [
        -54,
        -177,
        0,
        54,
        -177,
        0,
        -54,
        177,
        0,
        54,
        177,
        0
      ],
      "indexes": [
        0,
        1,
        2,
        2,
        1,
        3
      ],
      "uv": [
        0,
        354,
        108,
        354,
        0,
        0,
        108,
        0
      ],
      "nuv": [
        0,
        0,
        1,
        0,
        0,
        0.9943820224719101,
        1,
        0.9943820224719101
      ],
      "minPos": {
        "x": -54,
        "y": -177,
        "z": 0
      },
      "maxPos": {
        "x": 54,
        "y": 177,
        "z": 0
      }
    },
    "texture": "1540e99e-7718-4f21-b06f-580a5af0f7bd@6c48a",
    "packable": true,
    "pixelsToUnit": 100,
    "pivot": {
      "x": 0.5,
      "y": 0.5
    },
    "meshType": 0
  }
}