{
  "__type__": "cc.SpriteFrame",
  "content": {
    "name": "female",
    "atlas": "",
    "rect": {
      "x": 1,
      "y": 2,
      "width": 25,
      "height": 24
    },
    "offset": {
      "x": -0.5,
      "y": 0
    },
    "originalSize": {
      "width": 28,
      "height": 28
    },
    "rotated": false,
    "capInsets": [
      0,
      0,
      0,
      0
    ],
    "vertices": {
      "rawPosition": [
        -12.5,
        -12,
        0,
        12.5,
        -12,
        0,
        -12.5,
        12,
        0,
        12.5,
        12,
        0
      ],
      "indexes": [
        0,
        1,
        2,
        2,
        1,
        3
      ],
      "uv": [
        1,
        26,
        26,
        26,
        1,
        2,
        26,
        2
      ],
      "nuv": [
        0.03571428571428571,
        0.07142857142857142,
        0.9285714285714286,
        0.07142857142857142,
        0.03571428571428571,
        0.9285714285714286,
        0.9285714285714286,
        0.9285714285714286
      ],
      "minPos": {
        "x": -12.5,
        "y": -12,
        "z": 0
      },
      "maxPos": {
        "x": 12.5,
        "y": 12,
        "z": 0
      }
    },
    "texture": "fdc33dca-26e6-49ea-9ce9-c243d2180164@6c48a",
    "packable": true,
    "pixelsToUnit": 100,
    "pivot": {
      "x": 0.5,
      "y": 0.5
    },
    "meshType": 0
  }
}