{
  "__type__": "cc.SpriteFrame",
  "content": {
    "name": "desk",
    "atlas": "",
    "rect": {
      "x": 2,
      "y": 2,
      "width": 1422,
      "height": 505
    },
    "offset": {
      "x": 0,
      "y": 1
    },
    "originalSize": {
      "width": 1426,
      "height": 511
    },
    "rotated": false,
    "capInsets": [
      0,
      0,
      0,
      0
    ],
    "vertices": {
      "rawPosition": [
        -711,
        -252.5,
        0,
        711,
        -252.5,
        0,
        -711,
        252.5,
        0,
        711,
        252.5,
        0
      ],
      "indexes": [
        0,
        1,
        2,
        2,
        1,
        3
      ],
      "uv": [
        2,
        509,
        1424,
        509,
        2,
        4,
        1424,
        4
      ],
      "nuv": [
        0.001402524544179523,
        0.007827788649706457,
        0.9985974754558204,
        0.007827788649706457,
        0.001402524544179523,
        0.9960861056751468,
        0.9985974754558204,
        0.9960861056751468
      ],
      "minPos": {
        "x": -711,
        "y": -252.5,
        "z": 0
      },
      "maxPos": {
        "x": 711,
        "y": 252.5,
        "z": 0
      }
    },
    "texture": "3b4b238e-18b2-434b-8891-9f20a2ede2c0@6c48a",
    "packable": true,
    "pixelsToUnit": 100,
    "pivot": {
      "x": 0.5,
      "y": 0.5
    },
    "meshType": 0
  }
}