{
  "__type__": "cc.SpriteFrame",
  "content": {
    "name": "selectField",
    "atlas": "",
    "rect": {
      "x": 2,
      "y": 2,
      "width": 505,
      "height": 1017
    },
    "offset": {
      "x": -1.5,
      "y": 1.5
    },
    "originalSize": {
      "width": 512,
      "height": 1024
    },
    "rotated": false,
    "capInsets": [
      0,
      0,
      0,
      0
    ],
    "vertices": {
      "rawPosition": [
        -252.5,
        -508.5,
        0,
        252.5,
        -508.5,
        0,
        -252.5,
        508.5,
        0,
        252.5,
        508.5,
        0
      ],
      "indexes": [
        0,
        1,
        2,
        2,
        1,
        3
      ],
      "uv": [
        2,
        1022,
        507,
        1022,
        2,
        5,
        507,
        5
      ],
      "nuv": [
        0.00390625,
        0.0048828125,
        0.990234375,
        0.0048828125,
        0.00390625,
        0.998046875,
        0.990234375,
        0.998046875
      ],
      "minPos": {
        "x": -252.5,
        "y": -508.5,
        "z": 0
      },
      "maxPos": {
        "x": 252.5,
        "y": 508.5,
        "z": 0
      }
    },
    "texture": "1a4adde1-e803-4c44-9d91-55a9bcda638f@6c48a",
    "packable": true,
    "pixelsToUnit": 100,
    "pivot": {
      "x": 0.5,
      "y": 0.5
    },
    "meshType": 0
  }
}