{
  "__type__": "cc.SpriteFrame",
  "content": {
    "name": "userinfo",
    "atlas": "",
    "rect": {
      "x": 2,
      "y": 2,
      "width": 1010,
      "height": 1014
    },
    "offset": {
      "x": -5,
      "y": 3
    },
    "originalSize": {
      "width": 1024,
      "height": 1024
    },
    "rotated": false,
    "capInsets": [
      0,
      0,
      0,
      0
    ],
    "vertices": {
      "rawPosition": [
        -505,
        -507,
        0,
        505,
        -507,
        0,
        -505,
        507,
        0,
        505,
        507,
        0
      ],
      "indexes": [
        0,
        1,
        2,
        2,
        1,
        3
      ],
      "uv": [
        2,
        1022,
        1012,
        1022,
        2,
        8,
        1012,
        8
      ],
      "nuv": [
        0.001953125,
        0.0078125,
        0.98828125,
        0.0078125,
        0.001953125,
        0.998046875,
        0.98828125,
        0.998046875
      ],
      "minPos": {
        "x": -505,
        "y": -507,
        "z": 0
      },
      "maxPos": {
        "x": 505,
        "y": 507,
        "z": 0
      }
    },
    "texture": "11cc2b1c-ef2a-454e-8da1-618c0f4b8af1@6c48a",
    "packable": true,
    "pixelsToUnit": 100,
    "pivot": {
      "x": 0.5,
      "y": 0.5
    },
    "meshType": 0
  }
}