{
  "__type__": "cc.SpriteFrame",
  "content": {
    "name": "login",
    "atlas": "",
    "rect": {
      "x": 2,
      "y": 4,
      "width": 505,
      "height": 730
    },
    "offset": {
      "x": -1.5,
      "y": 143
    },
    "originalSize": {
      "width": 512,
      "height": 1024
    },
    "rotated": false,
    "capInsets": [
      0,
      0,
      0,
      0
    ],
    "vertices": {
      "rawPosition": [
        -252.5,
        -365,
        0,
        252.5,
        -365,
        0,
        -252.5,
        365,
        0,
        252.5,
        365,
        0
      ],
      "indexes": [
        0,
        1,
        2,
        2,
        1,
        3
      ],
      "uv": [
        2,
        1020,
        507,
        1020,
        2,
        290,
        507,
        290
      ],
      "nuv": [
        0.00390625,
        0.283203125,
        0.990234375,
        0.283203125,
        0.00390625,
        0.99609375,
        0.990234375,
        0.99609375
      ],
      "minPos": {
        "x": -252.5,
        "y": -365,
        "z": 0
      },
      "maxPos": {
        "x": 252.5,
        "y": 365,
        "z": 0
      }
    },
    "texture": "25609db0-0123-4595-951e-b99721a75a7f@6c48a",
    "packable": true,
    "pixelsToUnit": 100,
    "pivot": {
      "x": 0.5,
      "y": 0.5
    },
    "meshType": 0
  }
}