{
  "__type__": "cc.SpriteFrame",
  "content": {
    "name": "role_1",
    "atlas": "",
    "rect": {
      "x": 2,
      "y": 2,
      "width": 413,
      "height": 483
    },
    "offset": {
      "x": -47.5,
      "y": 12.5
    },
    "originalSize": {
      "width": 512,
      "height": 512
    },
    "rotated": false,
    "capInsets": [
      0,
      0,
      0,
      0
    ],
    "vertices": {
      "rawPosition": [
        -206.5,
        -241.5,
        0,
        206.5,
        -241.5,
        0,
        -206.5,
        241.5,
        0,
        206.5,
        241.5,
        0
      ],
      "indexes": [
        0,
        1,
        2,
        2,
        1,
        3
      ],
      "uv": [
        2,
        510,
        415,
        510,
        2,
        27,
        415,
        27
      ],
      "nuv": [
        0.00390625,
        0.052734375,
        0.810546875,
        0.052734375,
        0.00390625,
        0.99609375,
        0.810546875,
        0.99609375
      ],
      "minPos": {
        "x": -206.5,
        "y": -241.5,
        "z": 0
      },
      "maxPos": {
        "x": 206.5,
        "y": 241.5,
        "z": 0
      }
    },
    "texture": "e200349e-223d-4ddb-ad22-0db63f8e0f14@6c48a",
    "packable": true,
    "pixelsToUnit": 100,
    "pivot": {
      "x": 0.5,
      "y": 0.5
    },
    "meshType": 0
  }
}