{
  "__type__": "cc.SpriteFrame",
  "content": {
    "name": "button",
    "atlas": "",
    "rect": {
      "x": 2,
      "y": 2,
      "width": 504,
      "height": 311
    },
    "offset": {
      "x": 0,
      "y": 0
    },
    "originalSize": {
      "width": 508,
      "height": 315
    },
    "rotated": false,
    "capInsets": [
      0,
      0,
      0,
      0
    ],
    "vertices": {
      "rawPosition": [
        -252,
        -155.5,
        0,
        252,
        -155.5,
        0,
        -252,
        155.5,
        0,
        252,
        155.5,
        0
      ],
      "indexes": [
        0,
        1,
        2,
        2,
        1,
        3
      ],
      "uv": [
        2,
        313,
        506,
        313,
        2,
        2,
        506,
        2
      ],
      "nuv": [
        0.003937007874015748,
        0.006349206349206349,
        0.9960629921259843,
        0.006349206349206349,
        0.003937007874015748,
        0.9936507936507937,
        0.9960629921259843,
        0.9936507936507937
      ],
      "minPos": {
        "x": -252,
        "y": -155.5,
        "z": 0
      },
      "maxPos": {
        "x": 252,
        "y": 155.5,
        "z": 0
      }
    },
    "texture": "d97b515b-cd74-4cee-ba1b-abb2a69157dc@6c48a",
    "packable": true,
    "pixelsToUnit": 100,
    "pivot": {
      "x": 0.5,
      "y": 0.5
    },
    "meshType": 0
  }
}