{
  "__type__": "cc.SpriteFrame",
  "content": {
    "name": "card_num",
    "atlas": "",
    "rect": {
      "x": 1,
      "y": 3,
      "width": 20,
      "height": 294
    },
    "offset": {
      "x": -1,
      "y": 0
    },
    "originalSize": {
      "width": 24,
      "height": 300
    },
    "rotated": false,
    "capInsets": [
      0,
      0,
      0,
      0
    ],
    "vertices": {
      "rawPosition": [
        -10,
        -147,
        0,
        10,
        -147,
        0,
        -10,
        147,
        0,
        10,
        147,
        0
      ],
      "indexes": [
        0,
        1,
        2,
        2,
        1,
        3
      ],
      "uv": [
        1,
        297,
        21,
        297,
        1,
        3,
        21,
        3
      ],
      "nuv": [
        0.041666666666666664,
        0.01,
        0.875,
        0.01,
        0.041666666666666664,
        0.99,
        0.875,
        0.99
      ],
      "minPos": {
        "x": -10,
        "y": -147,
        "z": 0
      },
      "maxPos": {
        "x": 10,
        "y": 147,
        "z": 0
      }
    },
    "texture": "c5cb49cf-1913-4865-8ffd-380f65a524d7@6c48a",
    "packable": true,
    "pixelsToUnit": 100,
    "pivot": {
      "x": 0.5,
      "y": 0.5
    },
    "meshType": 0
  }
}