{
  "__type__": "cc.SpriteFrame",
  "content": {
    "name": "1",
    "atlas": "",
    "rect": {
      "x": 58,
      "y": 1,
      "width": 625,
      "height": 813
    },
    "offset": {
      "x": 0.5,
      "y": 4.5
    },
    "originalSize": {
      "width": 740,
      "height": 824
    },
    "rotated": false,
    "capInsets": [
      0,
      0,
      0,
      0
    ],
    "vertices": {
      "rawPosition": [
        -312.5,
        -406.5,
        0,
        312.5,
        -406.5,
        0,
        -312.5,
        406.5,
        0,
        312.5,
        406.5,
        0
      ],
      "indexes": [
        0,
        1,
        2,
        2,
        1,
        3
      ],
      "uv": [
        58,
        823,
        683,
        823,
        58,
        10,
        683,
        10
      ],
      "nuv": [
        0.07837837837837838,
        0.012135922330097087,
        0.922972972972973,
        0.012135922330097087,
        0.07837837837837838,
        0.9987864077669902,
        0.922972972972973,
        0.9987864077669902
      ],
      "minPos": {
        "x": -312.5,
        "y": -406.5,
        "z": 0
      },
      "maxPos": {
        "x": 312.5,
        "y": 406.5,
        "z": 0
      }
    },
    "texture": "65c4f2a7-8680-4129-a736-1b0eb1c2de95@6c48a",
    "packable": true,
    "pixelsToUnit": 100,
    "pivot": {
      "x": 0.5,
      "y": 0.5
    },
    "meshType": 0
  }
}