{
  "__type__": "cc.SpriteFrame",
  "content": {
    "name": "1",
    "atlas": "",
    "rect": {
      "x": 58,
      "y": 0,
      "width": 624,
      "height": 778
    },
    "offset": {
      "x": 0,
      "y": 0
    },
    "originalSize": {
      "width": 740,
      "height": 778
    },
    "rotated": false,
    "capInsets": [
      0,
      0,
      0,
      0
    ],
    "vertices": {
      "rawPosition": [
        -312,
        -389,
        0,
        312,
        -389,
        0,
        -312,
        389,
        0,
        312,
        389,
        0
      ],
      "indexes": [
        0,
        1,
        2,
        2,
        1,
        3
      ],
      "uv": [
        58,
        778,
        682,
        778,
        58,
        0,
        682,
        0
      ],
      "nuv": [
        0.07837837837837838,
        0,
        0.9216216216216216,
        0,
        0.07837837837837838,
        1,
        0.9216216216216216,
        1
      ],
      "minPos": {
        "x": -312,
        "y": -389,
        "z": 0
      },
      "maxPos": {
        "x": 312,
        "y": 389,
        "z": 0
      }
    },
    "texture": "77c31c18-fe4d-4ca6-9608-2e4ceba36765@6c48a",
    "packable": true,
    "pixelsToUnit": 100,
    "pivot": {
      "x": 0.5,
      "y": 0.5
    },
    "meshType": 0
  }
}