{
  "__type__": "cc.SpriteFrame",
  "content": {
    "name": "icon",
    "atlas": "",
    "rect": {
      "x": 2,
      "y": 2,
      "width": 75,
      "height": 144
    },
    "offset": {
      "x": -24.5,
      "y": 54
    },
    "originalSize": {
      "width": 128,
      "height": 256
    },
    "rotated": false,
    "capInsets": [
      0,
      0,
      0,
      0
    ],
    "vertices": {
      "rawPosition": [
        -37.5,
        -72,
        0,
        37.5,
        -72,
        0,
        -37.5,
        72,
        0,
        37.5,
        72,
        0
      ],
      "indexes": [
        0,
        1,
        2,
        2,
        1,
        3
      ],
      "uv": [
        2,
        254,
        77,
        254,
        2,
        110,
        77,
        110
      ],
      "nuv": [
        0.015625,
        0.4296875,
        0.6015625,
        0.4296875,
        0.015625,
        0.9921875,
        0.6015625,
        0.9921875
      ],
      "minPos": {
        "x": -37.5,
        "y": -72,
        "z": 0
      },
      "maxPos": {
        "x": 37.5,
        "y": 72,
        "z": 0
      }
    },
    "texture": "413bd3eb-903d-49ca-93e0-69c2cfe2b03c@6c48a",
    "packable": true,
    "pixelsToUnit": 100,
    "pivot": {
      "x": 0.5,
      "y": 0.5
    },
    "meshType": 0
  }
}