{
  "__type__": "cc.SpriteFrame",
  "content": {
    "name": "round",
    "atlas": "",
    "rect": {
      "x": 2,
      "y": 2,
      "width": 1019,
      "height": 570
    },
    "offset": {
      "x": 0,
      "y": 0
    },
    "originalSize": {
      "width": 1023,
      "height": 574
    },
    "rotated": false,
    "capInsets": [
      0,
      0,
      0,
      0
    ],
    "vertices": {
      "rawPosition": [
        -509.5,
        -285,
        0,
        509.5,
        -285,
        0,
        -509.5,
        285,
        0,
        509.5,
        285,
        0
      ],
      "indexes": [
        0,
        1,
        2,
        2,
        1,
        3
      ],
      "uv": [
        2,
        572,
        1021,
        572,
        2,
        2,
        1021,
        2
      ],
      "nuv": [
        0.0019550342130987292,
        0.003484320557491289,
        0.9980449657869013,
        0.003484320557491289,
        0.0019550342130987292,
        0.9965156794425087,
        0.9980449657869013,
        0.9965156794425087
      ],
      "minPos": {
        "x": -509.5,
        "y": -285,
        "z": 0
      },
      "maxPos": {
        "x": 509.5,
        "y": 285,
        "z": 0
      }
    },
    "texture": "2e34a1aa-16d5-4ff2-aeff-f0f8619bb7a1@6c48a",
    "packable": true,
    "pixelsToUnit": 100,
    "pivot": {
      "x": 0.5,
      "y": 0.5
    },
    "meshType": 0
  }
}