{
  "__type__": "cc.SpriteFrame",
  "content": {
    "name": "logo",
    "atlas": "",
    "rect": {
      "x": 45,
      "y": 13,
      "width": 519,
      "height": 246
    },
    "offset": {
      "x": 17,
      "y": 18.5
    },
    "originalSize": {
      "width": 575,
      "height": 309
    },
    "rotated": false,
    "capInsets": [
      0,
      0,
      0,
      0
    ],
    "vertices": {
      "rawPosition": [
        -259.5,
        -123,
        0,
        259.5,
        -123,
        0,
        -259.5,
        123,
        0,
        259.5,
        123,
        0
      ],
      "indexes": [
        0,
        1,
        2,
        2,
        1,
        3
      ],
      "uv": [
        45,
        296,
        564,
        296,
        45,
        50,
        564,
        50
      ],
      "nuv": [
        0.0782608695652174,
        0.16181229773462782,
        0.9808695652173913,
        0.16181229773462782,
        0.0782608695652174,
        0.9579288025889967,
        0.9808695652173913,
        0.9579288025889967
      ],
      "minPos": {
        "x": -259.5,
        "y": -123,
        "z": 0
      },
      "maxPos": {
        "x": 259.5,
        "y": 123,
        "z": 0
      }
    },
    "texture": "2e83e817-8d16-4a87-b8a9-65de5c5c759c@6c48a",
    "packable": true,
    "pixelsToUnit": 100,
    "pivot": {
      "x": 0.5,
      "y": 0.5
    },
    "meshType": 0
  }
}