{
  "__type__": "cc.SpriteFrame",
  "content": {
    "name": "MJ_DJJS",
    "atlas": "",
    "rect": {
      "x": 23,
      "y": 26,
      "width": 453,
      "height": 271
    },
    "offset": {
      "x": 10.5,
      "y": -11.5
    },
    "originalSize": {
      "width": 478,
      "height": 300
    },
    "rotated": false,
    "capInsets": [
      0,
      0,
      0,
      0
    ],
    "vertices": {
      "rawPosition": [
        -226.5,
        -135.5,
        0,
        226.5,
        -135.5,
        0,
        -226.5,
        135.5,
        0,
        226.5,
        135.5,
        0
      ],
      "indexes": [
        0,
        1,
        2,
        2,
        1,
        3
      ],
      "uv": [
        23,
        274,
        476,
        274,
        23,
        3,
        476,
        3
      ],
      "nuv": [
        0.04811715481171548,
        0.01,
        0.99581589958159,
        0.01,
        0.04811715481171548,
        0.9133333333333333,
        0.99581589958159,
        0.9133333333333333
      ],
      "minPos": {
        "x": -226.5,
        "y": -135.5,
        "z": 0
      },
      "maxPos": {
        "x": 226.5,
        "y": 135.5,
        "z": 0
      }
    },
    "texture": "b3275769-50f0-4b33-b17d-de299c6e70be@6c48a",
    "packable": true,
    "pixelsToUnit": 100,
    "pivot": {
      "x": 0.5,
      "y": 0.5
    },
    "meshType": 0
  }
}