{
  "__type__": "cc.SpriteFrame",
  "content": {
    "name": "PX_ty",
    "atlas": "",
    "rect": {
      "x": 0,
      "y": 1,
      "width": 897,
      "height": 500
    },
    "offset": {
      "x": -0.5,
      "y": -0.5
    },
    "originalSize": {
      "width": 898,
      "height": 501
    },
    "rotated": false,
    "capInsets": [
      0,
      0,
      0,
      0
    ],
    "vertices": {
      "rawPosition": [
        -448.5,
        -250,
        0,
        448.5,
        -250,
        0,
        -448.5,
        250,
        0,
        448.5,
        250,
        0
      ],
      "indexes": [
        0,
        1,
        2,
        2,
        1,
        3
      ],
      "uv": [
        0,
        500,
        897,
        500,
        0,
        0,
        897,
        0
      ],
      "nuv": [
        0,
        0,
        0.9988864142538976,
        0,
        0,
        0.998003992015968,
        0.9988864142538976,
        0.998003992015968
      ],
      "minPos": {
        "x": -448.5,
        "y": -250,
        "z": 0
      },
      "maxPos": {
        "x": 448.5,
        "y": 250,
        "z": 0
      }
    },
    "texture": "325bcde0-b040-45f5-bd1d-7359872cebd7@6c48a",
    "packable": true,
    "pixelsToUnit": 100,
    "pivot": {
      "x": 0.5,
      "y": 0.5
    },
    "meshType": 0
  }
}