{
  "__type__": "cc.SpriteFrame",
  "content": {
    "name": "item_cardRecorder",
    "atlas": "",
    "rect": {
      "x": 54,
      "y": 28,
      "width": 90,
      "height": 108
    },
    "offset": {
      "x": 1,
      "y": 2
    },
    "originalSize": {
      "width": 196,
      "height": 168
    },
    "rotated": false,
    "capInsets": [
      0,
      0,
      0,
      0
    ],
    "vertices": {
      "rawPosition": [
        -45,
        -54,
        0,
        45,
        -54,
        0,
        -45,
        54,
        0,
        45,
        54,
        0
      ],
      "indexes": [
        0,
        1,
        2,
        2,
        1,
        3
      ],
      "uv": [
        54,
        140,
        144,
        140,
        54,
        32,
        144,
        32
      ],
      "nuv": [
        0.2755102040816326,
        0.19047619047619047,
        0.7346938775510204,
        0.19047619047619047,
        0.2755102040816326,
        0.8333333333333334,
        0.7346938775510204,
        0.8333333333333334
      ],
      "minPos": {
        "x": -45,
        "y": -54,
        "z": 0
      },
      "maxPos": {
        "x": 45,
        "y": 54,
        "z": 0
      }
    },
    "texture": "6ac2b7a2-c020-4445-8f03-b14c8b77558b@6c48a",
    "packable": true,
    "pixelsToUnit": 100,
    "pivot": {
      "x": 0.5,
      "y": 0.5
    },
    "meshType": 0
  }
}