{
  "__type__": "cc.SpriteFrame",
  "content": {
    "name": "giftDiscount",
    "atlas": "",
    "rect": {
      "x": 2,
      "y": 3,
      "width": 1172,
      "height": 818
    },
    "offset": {
      "x": 0,
      "y": -0.5
    },
    "originalSize": {
      "width": 1176,
      "height": 823
    },
    "rotated": false,
    "capInsets": [
      0,
      0,
      0,
      0
    ],
    "vertices": {
      "rawPosition": [
        -586,
        -409,
        0,
        586,
        -409,
        0,
        -586,
        409,
        0,
        586,
        409,
        0
      ],
      "indexes": [
        0,
        1,
        2,
        2,
        1,
        3
      ],
      "uv": [
        2,
        820,
        1174,
        820,
        2,
        2,
        1174,
        2
      ],
      "nuv": [
        0.0017006802721088435,
        0.002430133657351154,
        0.9982993197278912,
        0.002430133657351154,
        0.0017006802721088435,
        0.9963547995139733,
        0.9982993197278912,
        0.9963547995139733
      ],
      "minPos": {
        "x": -586,
        "y": -409,
        "z": 0
      },
      "maxPos": {
        "x": 586,
        "y": 409,
        "z": 0
      }
    },
    "texture": "b2e152c0-1ba3-4b74-8a9a-47642f1a8d43@6c48a",
    "packable": true,
    "pixelsToUnit": 100,
    "pivot": {
      "x": 0.5,
      "y": 0.5
    },
    "meshType": 0
  }
}