{
  "__type__": "cc.SpriteFrame",
  "content": {
    "name": "broke",
    "atlas": "",
    "rect": {
      "x": 33,
      "y": 2,
      "width": 957,
      "height": 1223
    },
    "offset": {
      "x": -0.5,
      "y": 410.5
    },
    "originalSize": {
      "width": 1024,
      "height": 2048
    },
    "rotated": false,
    "capInsets": [
      0,
      0,
      0,
      0
    ],
    "vertices": {
      "rawPosition": [
        -478.5,
        -611.5,
        0,
        478.5,
        -611.5,
        0,
        -478.5,
        611.5,
        0,
        478.5,
        611.5,
        0
      ],
      "indexes": [
        0,
        1,
        2,
        2,
        1,
        3
      ],
      "uv": [
        33,
        2046,
        990,
        2046,
        33,
        823,
        990,
        823
      ],
      "nuv": [
        0.0322265625,
        0.40185546875,
        0.966796875,
        0.40185546875,
        0.0322265625,
        0.9990234375,
        0.966796875,
        0.9990234375
      ],
      "minPos": {
        "x": -478.5,
        "y": -611.5,
        "z": 0
      },
      "maxPos": {
        "x": 478.5,
        "y": 611.5,
        "z": 0
      }
    },
    "texture": "e9ff5410-c551-4b2a-9f96-e3f94c7061c5@6c48a",
    "packable": true,
    "pixelsToUnit": 100,
    "pivot": {
      "x": 0.5,
      "y": 0.5
    },
    "meshType": 0
  }
}