{
  "__type__": "cc.SpriteFrame",
  "content": {
    "name": "card",
    "atlas": "",
    "rect": {
      "x": 12,
      "y": 39,
      "width": 164,
      "height": 100
    },
    "offset": {
      "x": -4,
      "y": -5
    },
    "originalSize": {
      "width": 196,
      "height": 168
    },
    "rotated": false,
    "capInsets": [
      0,
      0,
      0,
      0
    ],
    "vertices": {
      "rawPosition": [
        -82,
        -50,
        0,
        82,
        -50,
        0,
        -82,
        50,
        0,
        82,
        50,
        0
      ],
      "indexes": [
        0,
        1,
        2,
        2,
        1,
        3
      ],
      "uv": [
        12,
        129,
        176,
        129,
        12,
        29,
        176,
        29
      ],
      "nuv": [
        0.061224489795918366,
        0.17261904761904762,
        0.8979591836734694,
        0.17261904761904762,
        0.061224489795918366,
        0.7678571428571429,
        0.8979591836734694,
        0.7678571428571429
      ],
      "minPos": {
        "x": -82,
        "y": -50,
        "z": 0
      },
      "maxPos": {
        "x": 82,
        "y": 50,
        "z": 0
      }
    },
    "texture": "e70d636a-0b45-4097-a97a-e995181c1f42@6c48a",
    "packable": true,
    "pixelsToUnit": 100,
    "pivot": {
      "x": 0.5,
      "y": 0.5
    },
    "meshType": 0
  }
}