{
  "__type__": "cc.SpriteFrame",
  "content": {
    "name": "dialog_bg",
    "atlas": "",
    "rect": {
      "x": 2,
      "y": 2,
      "width": 1006,
      "height": 702
    },
    "offset": {
      "x": -7,
      "y": 159
    },
    "originalSize": {
      "width": 1024,
      "height": 1024
    },
    "rotated": false,
    "capInsets": [
      0,
      0,
      0,
      0
    ],
    "vertices": {
      "rawPosition": [
        -503,
        -351,
        0,
        503,
        -351,
        0,
        -503,
        351,
        0,
        503,
        351,
        0
      ],
      "indexes": [
        0,
        1,
        2,
        2,
        1,
        3
      ],
      "uv": [
        2,
        1022,
        1008,
        1022,
        2,
        320,
        1008,
        320
      ],
      "nuv": [
        0.001953125,
        0.3125,
        0.984375,
        0.3125,
        0.001953125,
        0.998046875,
        0.984375,
        0.998046875
      ],
      "minPos": {
        "x": -503,
        "y": -351,
        "z": 0
      },
      "maxPos": {
        "x": 503,
        "y": 351,
        "z": 0
      }
    },
    "texture": "054202e2-019d-4e16-b875-046d55999e14@6c48a",
    "packable": true,
    "pixelsToUnit": 100,
    "pivot": {
      "x": 0.5,
      "y": 0.5
    },
    "meshType": 0
  }
}