{
  "__type__": "cc.SpriteFrame",
  "content": {
    "name": "2",
    "atlas": "",
    "rect": {
      "x": 2,
      "y": 13,
      "width": 581,
      "height": 1121
    },
    "offset": {
      "x": -2.5,
      "y": 7.5
    },
    "originalSize": {
      "width": 590,
      "height": 1162
    },
    "rotated": false,
    "capInsets": [
      0,
      0,
      0,
      0
    ],
    "vertices": {
      "rawPosition": [
        -290.5,
        -560.5,
        0,
        290.5,
        -560.5,
        0,
        -290.5,
        560.5,
        0,
        290.5,
        560.5,
        0
      ],
      "indexes": [
        0,
        1,
        2,
        2,
        1,
        3
      ],
      "uv": [
        2,
        1149,
        583,
        1149,
        2,
        28,
        583,
        28
      ],
      "nuv": [
        0.003389830508474576,
        0.024096385542168676,
        0.988135593220339,
        0.024096385542168676,
        0.003389830508474576,
        0.9888123924268503,
        0.988135593220339,
        0.9888123924268503
      ],
      "minPos": {
        "x": -290.5,
        "y": -560.5,
        "z": 0
      },
      "maxPos": {
        "x": 290.5,
        "y": 560.5,
        "z": 0
      }
    },
    "texture": "057f4c23-feaa-4509-9413-fc636a0c4a15@6c48a",
    "packable": true,
    "pixelsToUnit": 100,
    "pivot": {
      "x": 0.5,
      "y": 0.5
    },
    "meshType": 0
  }
}