{
  "__type__": "cc.SpriteFrame",
  "content": {
    "name": "settle",
    "atlas": "",
    "rect": {
      "x": 2,
      "y": 2,
      "width": 1415,
      "height": 2029
    },
    "offset": {
      "x": 0,
      "y": 0
    },
    "originalSize": {
      "width": 1419,
      "height": 2033
    },
    "rotated": false,
    "capInsets": [
      0,
      0,
      0,
      0
    ],
    "vertices": {
      "rawPosition": [
        -707.5,
        -1014.5,
        0,
        707.5,
        -1014.5,
        0,
        -707.5,
        1014.5,
        0,
        707.5,
        1014.5,
        0
      ],
      "indexes": [
        0,
        1,
        2,
        2,
        1,
        3
      ],
      "uv": [
        2,
        2031,
        1417,
        2031,
        2,
        2,
        1417,
        2
      ],
      "nuv": [
        0.0014094432699083862,
        0.000983767830791933,
        0.9985905567300916,
        0.000983767830791933,
        0.0014094432699083862,
        0.9990162321692081,
        0.9985905567300916,
        0.9990162321692081
      ],
      "minPos": {
        "x": -707.5,
        "y": -1014.5,
        "z": 0
      },
      "maxPos": {
        "x": 707.5,
        "y": 1014.5,
        "z": 0
      }
    },
    "texture": "0b2536c4-4dd3-4ff7-b768-a3a1b2a6f0c8@6c48a",
    "packable": true,
    "pixelsToUnit": 100,
    "pivot": {
      "x": 0.5,
      "y": 0.5
    },
    "meshType": 0
  }
}