{
  "__type__": "cc.SpriteFrame",
  "content": {
    "name": "role",
    "atlas": "",
    "rect": {
      "x": 2,
      "y": 2,
      "width": 1019,
      "height": 1014
    },
    "offset": {
      "x": -0.5,
      "y": 3
    },
    "originalSize": {
      "width": 1024,
      "height": 1024
    },
    "rotated": false,
    "capInsets": [
      0,
      0,
      0,
      0
    ],
    "vertices": {
      "rawPosition": [
        -509.5,
        -507,
        0,
        509.5,
        -507,
        0,
        -509.5,
        507,
        0,
        509.5,
        507,
        0
      ],
      "indexes": [
        0,
        1,
        2,
        2,
        1,
        3
      ],
      "uv": [
        2,
        1022,
        1021,
        1022,
        2,
        8,
        1021,
        8
      ],
      "nuv": [
        0.001953125,
        0.0078125,
        0.9970703125,
        0.0078125,
        0.001953125,
        0.998046875,
        0.9970703125,
        0.998046875
      ],
      "minPos": {
        "x": -509.5,
        "y": -507,
        "z": 0
      },
      "maxPos": {
        "x": 509.5,
        "y": 507,
        "z": 0
      }
    },
    "texture": "2a1cc2b2-4466-48e5-8549-6151af5b0898@6c48a",
    "packable": true,
    "pixelsToUnit": 100,
    "pivot": {
      "x": 0.5,
      "y": 0.5
    },
    "meshType": 0
  }
}