{
  "__type__": "cc.SpriteFrame",
  "content": {
    "name": "JS-SB",
    "atlas": "",
    "rect": {
      "x": 2,
      "y": 2,
      "width": 2001,
      "height": 1028
    },
    "offset": {
      "x": 0,
      "y": 0
    },
    "originalSize": {
      "width": 2005,
      "height": 1032
    },
    "rotated": false,
    "capInsets": [
      0,
      0,
      0,
      0
    ],
    "vertices": {
      "rawPosition": [
        -1000.5,
        -514,
        0,
        1000.5,
        -514,
        0,
        -1000.5,
        514,
        0,
        1000.5,
        514,
        0
      ],
      "indexes": [
        0,
        1,
        2,
        2,
        1,
        3
      ],
      "uv": [
        2,
        1030,
        2003,
        1030,
        2,
        2,
        2003,
        2
      ],
      "nuv": [
        0.000997506234413965,
        0.001937984496124031,
        0.999002493765586,
        0.001937984496124031,
        0.000997506234413965,
        0.998062015503876,
        0.999002493765586,
        0.998062015503876
      ],
      "minPos": {
        "x": -1000.5,
        "y": -514,
        "z": 0
      },
      "maxPos": {
        "x": 1000.5,
        "y": 514,
        "z": 0
      }
    },
    "texture": "eb3b7b06-b88e-4f2b-9b4f-1f342039f49e@6c48a",
    "packable": true,
    "pixelsToUnit": 100,
    "pivot": {
      "x": 0.5,
      "y": 0.5
    },
    "meshType": 0
  }
}