{
  "__type__": "cc.SpriteFrame",
  "content": {
    "name": "btn_orange_164_89",
    "atlas": "",
    "rect": {
      "x": 5,
      "y": 8,
      "width": 154,
      "height": 79
    },
    "offset": {
      "x": 0,
      "y": -3
    },
    "originalSize": {
      "width": 164,
      "height": 89
    },
    "rotated": false,
    "capInsets": [
      0,
      0,
      0,
      0
    ],
    "vertices": {
      "rawPosition": [
        -77,
        -39.5,
        0,
        77,
        -39.5,
        0,
        -77,
        39.5,
        0,
        77,
        39.5,
        0
      ],
      "indexes": [
        0,
        1,
        2,
        2,
        1,
        3
      ],
      "uv": [
        5,
        81,
        159,
        81,
        5,
        2,
        159,
        2
      ],
      "nuv": [
        0.03048780487804878,
        0.02247191011235955,
        0.9695121951219512,
        0.02247191011235955,
        0.03048780487804878,
        0.9101123595505618,
        0.9695121951219512,
        0.9101123595505618
      ],
      "minPos": {
        "x": -77,
        "y": -39.5,
        "z": 0
      },
      "maxPos": {
        "x": 77,
        "y": 39.5,
        "z": 0
      }
    },
    "texture": "ad9e42b1-97d6-4722-961c-f2c1b07fbd3e@6c48a",
    "packable": true,
    "pixelsToUnit": 100,
    "pivot": {
      "x": 0.5,
      "y": 0.5
    },
    "meshType": 0
  }
}