{
  "__type__": "cc.SpriteFrame",
  "content": {
    "name": "newPlayerBg",
    "atlas": "",
    "rect": {
      "x": 2,
      "y": 0,
      "width": 1014,
      "height": 650
    },
    "offset": {
      "x": 1,
      "y": 0.5
    },
    "originalSize": {
      "width": 1016,
      "height": 651
    },
    "rotated": false,
    "capInsets": [
      0,
      0,
      0,
      0
    ],
    "vertices": {
      "rawPosition": [
        -507,
        -325,
        0,
        507,
        -325,
        0,
        -507,
        325,
        0,
        507,
        325,
        0
      ],
      "indexes": [
        0,
        1,
        2,
        2,
        1,
        3
      ],
      "uv": [
        2,
        651,
        1016,
        651,
        2,
        1,
        1016,
        1
      ],
      "nuv": [
        0.001968503937007874,
        0.0015360983102918587,
        1,
        0.0015360983102918587,
        0.001968503937007874,
        1,
        1,
        1
      ],
      "minPos": {
        "x": -507,
        "y": -325,
        "z": 0
      },
      "maxPos": {
        "x": 507,
        "y": 325,
        "z": 0
      }
    },
    "texture": "ade42dc6-3e61-44d1-aa3a-1290f5f38ede@6c48a",
    "packable": true,
    "pixelsToUnit": 100,
    "pivot": {
      "x": 0.5,
      "y": 0.5
    },
    "meshType": 0
  }
}