{
  "__type__": "cc.SpriteFrame",
  "content": {
    "name": "item_flower",
    "atlas": "",
    "rect": {
      "x": 46,
      "y": 12,
      "width": 113,
      "height": 143
    },
    "offset": {
      "x": 4.5,
      "y": 0.5
    },
    "originalSize": {
      "width": 196,
      "height": 168
    },
    "rotated": false,
    "capInsets": [
      0,
      0,
      0,
      0
    ],
    "vertices": {
      "rawPosition": [
        -56.5,
        -71.5,
        0,
        56.5,
        -71.5,
        0,
        -56.5,
        71.5,
        0,
        56.5,
        71.5,
        0
      ],
      "indexes": [
        0,
        1,
        2,
        2,
        1,
        3
      ],
      "uv": [
        46,
        156,
        159,
        156,
        46,
        13,
        159,
        13
      ],
      "nuv": [
        0.23469387755102042,
        0.07738095238095238,
        0.8112244897959183,
        0.07738095238095238,
        0.23469387755102042,
        0.9285714285714286,
        0.8112244897959183,
        0.9285714285714286
      ],
      "minPos": {
        "x": -56.5,
        "y": -71.5,
        "z": 0
      },
      "maxPos": {
        "x": 56.5,
        "y": 71.5,
        "z": 0
      }
    },
    "texture": "adf4488d-e222-4882-bad4-86caba44f9f5@6c48a",
    "packable": true,
    "pixelsToUnit": 100,
    "pivot": {
      "x": 0.5,
      "y": 0.5
    },
    "meshType": 0
  }
}