{
  "__type__": "cc.SpriteFrame",
  "content": {
    "name": "xiaobo",
    "atlas": "",
    "rect": {
      "x": 174,
      "y": 131,
      "width": 1334,
      "height": 1040
    },
    "offset": {
      "x": -19,
      "y": -11
    },
    "originalSize": {
      "width": 1720,
      "height": 1280
    },
    "rotated": false,
    "capInsets": [
      0,
      0,
      0,
      0
    ],
    "vertices": {
      "rawPosition": [
        -667,
        -520,
        0,
        667,
        -520,
        0,
        -667,
        520,
        0,
        667,
        520,
        0
      ],
      "indexes": [
        0,
        1,
        2,
        2,
        1,
        3
      ],
      "uv": [
        174,
        1149,
        1508,
        1149,
        174,
        109,
        1508,
        109
      ],
      "nuv": [
        0.10116279069767442,
        0.08515625,
        0.8767441860465116,
        0.08515625,
        0.10116279069767442,
        0.89765625,
        0.8767441860465116,
        0.89765625
      ],
      "minPos": {
        "x": -667,
        "y": -520,
        "z": 0
      },
      "maxPos": {
        "x": 667,
        "y": 520,
        "z": 0
      }
    },
    "texture": "7a86d883-8fff-4783-b3cd-832308233864@6c48a",
    "packable": true,
    "pixelsToUnit": 100,
    "pivot": {
      "x": 0.5,
      "y": 0.5
    },
    "meshType": 0
  }
}