{
  "__type__": "cc.SpriteFrame",
  "content": {
    "name": "money",
    "atlas": "",
    "rect": {
      "x": 0,
      "y": 0,
      "width": 164,
      "height": 264
    },
    "offset": {
      "x": -0.5,
      "y": 0
    },
    "originalSize": {
      "width": 165,
      "height": 264
    },
    "rotated": false,
    "capInsets": [
      0,
      0,
      0,
      0
    ],
    "vertices": {
      "rawPosition": [
        -82,
        -132,
        0,
        82,
        -132,
        0,
        -82,
        132,
        0,
        82,
        132,
        0
      ],
      "indexes": [
        0,
        1,
        2,
        2,
        1,
        3
      ],
      "uv": [
        0,
        264,
        164,
        264,
        0,
        0,
        164,
        0
      ],
      "nuv": [
        0,
        0,
        0.9939393939393939,
        0,
        0,
        1,
        0.9939393939393939,
        1
      ],
      "minPos": {
        "x": -82,
        "y": -132,
        "z": 0
      },
      "maxPos": {
        "x": 82,
        "y": 132,
        "z": 0
      }
    },
    "texture": "6144b6c5-5118-46bf-bcc7-f09fa5f19666@6c48a",
    "packable": true,
    "pixelsToUnit": 100,
    "pivot": {
      "x": 0.5,
      "y": 0.5
    },
    "meshType": 0
  }
}