{
  "__type__": "cc.SpriteFrame",
  "content": {
    "name": "Loading_cj_23",
    "atlas": "",
    "rect": {
      "x": 0,
      "y": 0,
      "width": 2032,
      "height": 1016
    },
    "offset": {
      "x": -0.5,
      "y": 0
    },
    "originalSize": {
      "width": 2033,
      "height": 1016
    },
    "rotated": false,
    "capInsets": [
      0,
      0,
      0,
      0
    ],
    "vertices": {
      "rawPosition": [
        -1016,
        -508,
        0,
        1016,
        -508,
        0,
        -1016,
        508,
        0,
        1016,
        508,
        0
      ],
      "indexes": [
        0,
        1,
        2,
        2,
        1,
        3
      ],
      "uv": [
        0,
        1016,
        2032,
        1016,
        0,
        0,
        2032,
        0
      ],
      "nuv": [
        0,
        0,
        0.999508116084604,
        0,
        0,
        1,
        0.999508116084604,
        1
      ],
      "minPos": {
        "x": -1016,
        "y": -508,
        "z": 0
      },
      "maxPos": {
        "x": 1016,
        "y": 508,
        "z": 0
      }
    },
    "texture": "61f993c9-b51d-4f96-8a99-e391e03da0e5@6c48a",
    "packable": true,
    "pixelsToUnit": 100,
    "pivot": {
      "x": 0.5,
      "y": 0.5
    },
    "meshType": 0
  }
}