{
  "__type__": "cc.SpriteFrame",
  "content": {
    "name": "signin",
    "atlas": "",
    "rect": {
      "x": 2,
      "y": 2,
      "width": 1020,
      "height": 2033
    },
    "offset": {
      "x": 0,
      "y": 5.5
    },
    "originalSize": {
      "width": 1024,
      "height": 2048
    },
    "rotated": false,
    "capInsets": [
      0,
      0,
      0,
      0
    ],
    "vertices": {
      "rawPosition": [
        -510,
        -1016.5,
        0,
        510,
        -1016.5,
        0,
        -510,
        1016.5,
        0,
        510,
        1016.5,
        0
      ],
      "indexes": [
        0,
        1,
        2,
        2,
        1,
        3
      ],
      "uv": [
        2,
        2046,
        1022,
        2046,
        2,
        13,
        1022,
        13
      ],
      "nuv": [
        0.001953125,
        0.00634765625,
        0.998046875,
        0.00634765625,
        0.001953125,
        0.9990234375,
        0.998046875,
        0.9990234375
      ],
      "minPos": {
        "x": -510,
        "y": -1016.5,
        "z": 0
      },
      "maxPos": {
        "x": 510,
        "y": 1016.5,
        "z": 0
      }
    },
    "texture": "7940fb12-f367-44f3-ae61-bb9ad405c038@6c48a",
    "packable": true,
    "pixelsToUnit": 100,
    "pivot": {
      "x": 0.5,
      "y": 0.5
    },
    "meshType": 0
  }
}