{
  "__type__": "cc.SpriteFrame",
  "content": {
    "name": "renwu",
    "atlas": "",
    "rect": {
      "x": 0,
      "y": 0,
      "width": 559,
      "height": 244
    },
    "offset": {
      "x": -0.5,
      "y": 0
    },
    "originalSize": {
      "width": 560,
      "height": 244
    },
    "rotated": false,
    "capInsets": [
      0,
      0,
      0,
      0
    ],
    "vertices": {
      "rawPosition": [
        -279.5,
        -122,
        0,
        279.5,
        -122,
        0,
        -279.5,
        122,
        0,
        279.5,
        122,
        0
      ],
      "indexes": [
        0,
        1,
        2,
        2,
        1,
        3
      ],
      "uv": [
        0,
        244,
        559,
        244,
        0,
        0,
        559,
        0
      ],
      "nuv": [
        0,
        0,
        0.9982142857142857,
        0,
        0,
        1,
        0.9982142857142857,
        1
      ],
      "minPos": {
        "x": -279.5,
        "y": -122,
        "z": 0
      },
      "maxPos": {
        "x": 279.5,
        "y": 122,
        "z": 0
      }
    },
    "texture": "79681dc0-bea3-446f-9cf7-6caaf1b75ddd@6c48a",
    "packable": true,
    "pixelsToUnit": 100,
    "pivot": {
      "x": 0.5,
      "y": 0.5
    },
    "meshType": 0
  }
}