{
  "__type__": "cc.SpriteFrame",
  "content": {
    "name": "MRQD_lingqu",
    "atlas": "",
    "rect": {
      "x": 4,
      "y": 4,
      "width": 619,
      "height": 186
    },
    "offset": {
      "x": 0,
      "y": 0
    },
    "originalSize": {
      "width": 627,
      "height": 194
    },
    "rotated": false,
    "capInsets": [
      0,
      0,
      0,
      0
    ],
    "vertices": {
      "rawPosition": [
        -309.5,
        -93,
        0,
        309.5,
        -93,
        0,
        -309.5,
        93,
        0,
        309.5,
        93,
        0
      ],
      "indexes": [
        0,
        1,
        2,
        2,
        1,
        3
      ],
      "uv": [
        4,
        190,
        623,
        190,
        4,
        4,
        623,
        4
      ],
      "nuv": [
        0.006379585326953748,
        0.020618556701030927,
        0.9936204146730463,
        0.020618556701030927,
        0.006379585326953748,
        0.979381443298969,
        0.9936204146730463,
        0.979381443298969
      ],
      "minPos": {
        "x": -309.5,
        "y": -93,
        "z": 0
      },
      "maxPos": {
        "x": 309.5,
        "y": 93,
        "z": 0
      }
    },
    "texture": "0db011d1-04fe-40f7-9bf7-418c834faf64@6c48a",
    "packable": true,
    "pixelsToUnit": 100,
    "pivot": {
      "x": 0.5,
      "y": 0.5
    },
    "meshType": 0
  }
}