{
  "__type__": "cc.SpriteFrame",
  "content": {
    "name": "dialog_title",
    "atlas": "",
    "rect": {
      "x": 2,
      "y": 2,
      "width": 243,
      "height": 486
    },
    "offset": {
      "x": -4.5,
      "y": 11
    },
    "originalSize": {
      "width": 256,
      "height": 512
    },
    "rotated": false,
    "capInsets": [
      0,
      0,
      0,
      0
    ],
    "vertices": {
      "rawPosition": [
        -121.5,
        -243,
        0,
        121.5,
        -243,
        0,
        -121.5,
        243,
        0,
        121.5,
        243,
        0
      ],
      "indexes": [
        0,
        1,
        2,
        2,
        1,
        3
      ],
      "uv": [
        2,
        510,
        245,
        510,
        2,
        24,
        245,
        24
      ],
      "nuv": [
        0.0078125,
        0.046875,
        0.95703125,
        0.046875,
        0.0078125,
        0.99609375,
        0.95703125,
        0.99609375
      ],
      "minPos": {
        "x": -121.5,
        "y": -243,
        "z": 0
      },
      "maxPos": {
        "x": 121.5,
        "y": 243,
        "z": 0
      }
    },
    "texture": "6290fc65-52c4-42f5-bcd1-159be1d4f94d@6c48a",
    "packable": true,
    "pixelsToUnit": 100,
    "pivot": {
      "x": 0.5,
      "y": 0.5
    },
    "meshType": 0
  }
}