{
  "__type__": "cc.SpriteFrame",
  "content": {
    "name": "new",
    "atlas": "",
    "rect": {
      "x": 0,
      "y": 0,
      "width": 44,
      "height": 27
    },
    "offset": {
      "x": 0,
      "y": 0.5
    },
    "originalSize": {
      "width": 44,
      "height": 28
    },
    "rotated": false,
    "capInsets": [
      0,
      0,
      0,
      0
    ],
    "vertices": {
      "rawPosition": [
        -22,
        -13.5,
        0,
        22,
        -13.5,
        0,
        -22,
        13.5,
        0,
        22,
        13.5,
        0
      ],
      "indexes": [
        0,
        1,
        2,
        2,
        1,
        3
      ],
      "uv": [
        0,
        28,
        44,
        28,
        0,
        1,
        44,
        1
      ],
      "nuv": [
        0,
        0.03571428571428571,
        1,
        0.03571428571428571,
        0,
        1,
        1,
        1
      ],
      "minPos": {
        "x": -22,
        "y": -13.5,
        "z": 0
      },
      "maxPos": {
        "x": 22,
        "y": 13.5,
        "z": 0
      }
    },
    "texture": "7f309514-0d8e-46d7-9797-291540b69c1e@6c48a",
    "packable": true,
    "pixelsToUnit": 100,
    "pivot": {
      "x": 0.5,
      "y": 0.5
    },
    "meshType": 0
  }
}