{
  "__type__": "cc.SpriteFrame",
  "content": {
    "name": "egg",
    "atlas": "",
    "rect": {
      "x": 53,
      "y": 40,
      "width": 84,
      "height": 118
    },
    "offset": {
      "x": -3,
      "y": -15
    },
    "originalSize": {
      "width": 196,
      "height": 168
    },
    "rotated": false,
    "capInsets": [
      0,
      0,
      0,
      0
    ],
    "vertices": {
      "rawPosition": [
        -42,
        -59,
        0,
        42,
        -59,
        0,
        -42,
        59,
        0,
        42,
        59,
        0
      ],
      "indexes": [
        0,
        1,
        2,
        2,
        1,
        3
      ],
      "uv": [
        53,
        128,
        137,
        128,
        53,
        10,
        137,
        10
      ],
      "nuv": [
        0.27040816326530615,
        0.05952380952380952,
        0.6989795918367347,
        0.05952380952380952,
        0.27040816326530615,
        0.7619047619047619,
        0.6989795918367347,
        0.7619047619047619
      ],
      "minPos": {
        "x": -42,
        "y": -59,
        "z": 0
      },
      "maxPos": {
        "x": 42,
        "y": 59,
        "z": 0
      }
    },
    "texture": "7ffb5afe-b979-4967-8614-4f7d2ee36f30@6c48a",
    "packable": true,
    "pixelsToUnit": 100,
    "pivot": {
      "x": 0.5,
      "y": 0.5
    },
    "meshType": 0
  }
}