{
  "__type__": "cc.SpriteFrame",
  "content": {
    "name": "6",
    "atlas": "",
    "rect": {
      "x": 58,
      "y": 0,
      "width": 624,
      "height": 1534
    },
    "offset": {
      "x": 0,
      "y": 0
    },
    "originalSize": {
      "width": 740,
      "height": 1534
    },
    "rotated": false,
    "capInsets": [
      0,
      0,
      0,
      0
    ],
    "vertices": {
      "rawPosition": [
        -312,
        -767,
        0,
        312,
        -767,
        0,
        -312,
        767,
        0,
        312,
        767,
        0
      ],
      "indexes": [
        0,
        1,
        2,
        2,
        1,
        3
      ],
      "uv": [
        58,
        1534,
        682,
        1534,
        58,
        0,
        682,
        0
      ],
      "nuv": [
        0.07837837837837838,
        0,
        0.9216216216216216,
        0,
        0.07837837837837838,
        1,
        0.9216216216216216,
        1
      ],
      "minPos": {
        "x": -312,
        "y": -767,
        "z": 0
      },
      "maxPos": {
        "x": 312,
        "y": 767,
        "z": 0
      }
    },
    "texture": "a1b890f3-6e83-4b5b-b9f5-af1b308382df@6c48a",
    "packable": true,
    "pixelsToUnit": 100,
    "pivot": {
      "x": 0.5,
      "y": 0.5
    },
    "meshType": 0
  }
}