{
  "__type__": "cc.SpriteFrame",
  "content": {
    "name": "JDDD_reward",
    "atlas": "",
    "rect": {
      "x": 2,
      "y": 4,
      "width": 400,
      "height": 298
    },
    "offset": {
      "x": 0,
      "y": -1
    },
    "originalSize": {
      "width": 404,
      "height": 304
    },
    "rotated": false,
    "capInsets": [
      0,
      0,
      0,
      0
    ],
    "vertices": {
      "rawPosition": [
        -200,
        -149,
        0,
        200,
        -149,
        0,
        -200,
        149,
        0,
        200,
        149,
        0
      ],
      "indexes": [
        0,
        1,
        2,
        2,
        1,
        3
      ],
      "uv": [
        2,
        300,
        402,
        300,
        2,
        2,
        402,
        2
      ],
      "nuv": [
        0.0049504950495049506,
        0.006578947368421052,
        0.995049504950495,
        0.006578947368421052,
        0.0049504950495049506,
        0.9868421052631579,
        0.995049504950495,
        0.9868421052631579
      ],
      "minPos": {
        "x": -200,
        "y": -149,
        "z": 0
      },
      "maxPos": {
        "x": 200,
        "y": 149,
        "z": 0
      }
    },
    "texture": "1ba2ddfd-4a6e-4ed6-aaf7-8ac1c035b695@6c48a",
    "packable": true,
    "pixelsToUnit": 100,
    "pivot": {
      "x": 0.5,
      "y": 0.5
    },
    "meshType": 0
  }
}