{
  "__type__": "cc.SpriteFrame",
  "content": {
    "name": "box_bg",
    "atlas": "",
    "rect": {
      "x": 1,
      "y": 1,
      "width": 1163,
      "height": 230
    },
    "offset": {
      "x": 0,
      "y": 0
    },
    "originalSize": {
      "width": 1165,
      "height": 232
    },
    "rotated": false,
    "capInsets": [
      374,
      10,
      374,
      200
    ],
    "vertices": {
      "rawPosition": [
        -581.5,
        -115,
        0,
        581.5,
        -115,
        0,
        -581.5,
        115,
        0,
        581.5,
        115,
        0
      ],
      "indexes": [
        0,
        1,
        2,
        2,
        1,
        3
      ],
      "uv": [
        1,
        231,
        1164,
        231,
        1,
        1,
        1164,
        1
      ],
      "nuv": [
        0.0008583690987124463,
        0.004310344827586207,
        0.9991416309012876,
        0.004310344827586207,
        0.0008583690987124463,
        0.9956896551724138,
        0.9991416309012876,
        0.9956896551724138
      ],
      "minPos": {
        "x": -581.5,
        "y": -115,
        "z": 0
      },
      "maxPos": {
        "x": 581.5,
        "y": 115,
        "z": 0
      }
    },
    "texture": "69d815b3-70bb-4786-86a8-af11a1123227@6c48a",
    "packable": true,
    "pixelsToUnit": 100,
    "pivot": {
      "x": 0.5,
      "y": 0.5
    },
    "meshType": 0
  }
}