{
  "__type__": "cc.SpriteFrame",
  "content": {
    "name": "opmgr",
    "atlas": "",
    "rect": {
      "x": 0,
      "y": 36,
      "width": 322,
      "height": 872
    },
    "offset": {
      "x": -6,
      "y": -14
    },
    "originalSize": {
      "width": 334,
      "height": 916
    },
    "rotated": false,
    "capInsets": [
      0,
      0,
      0,
      0
    ],
    "vertices": {
      "rawPosition": [
        -161,
        -436,
        0,
        161,
        -436,
        0,
        -161,
        436,
        0,
        161,
        436,
        0
      ],
      "indexes": [
        0,
        1,
        2,
        2,
        1,
        3
      ],
      "uv": [
        0,
        880,
        322,
        880,
        0,
        8,
        322,
        8
      ],
      "nuv": [
        0,
        0.008733624454148471,
        0.9640718562874252,
        0.008733624454148471,
        0,
        0.9606986899563319,
        0.9640718562874252,
        0.9606986899563319
      ],
      "minPos": {
        "x": -161,
        "y": -436,
        "z": 0
      },
      "maxPos": {
        "x": 161,
        "y": 436,
        "z": 0
      }
    },
    "texture": "4fac197c-5fd8-4c50-9421-e3f6ce9d9d4c@6c48a",
    "packable": true,
    "pixelsToUnit": 100,
    "pivot": {
      "x": 0.5,
      "y": 0.5
    },
    "meshType": 0
  }
}