{
  "__type__": "cc.SpriteFrame",
  "content": {
    "name": "buyProp",
    "atlas": "",
    "rect": {
      "x": 1,
      "y": 1,
      "width": 232,
      "height": 572
    },
    "offset": {
      "x": -0.5,
      "y": 1
    },
    "originalSize": {
      "width": 235,
      "height": 576
    },
    "rotated": false,
    "capInsets": [
      0,
      0,
      0,
      0
    ],
    "vertices": {
      "rawPosition": [
        -116,
        -286,
        0,
        116,
        -286,
        0,
        -116,
        286,
        0,
        116,
        286,
        0
      ],
      "indexes": [
        0,
        1,
        2,
        2,
        1,
        3
      ],
      "uv": [
        1,
        575,
        233,
        575,
        1,
        3,
        233,
        3
      ],
      "nuv": [
        0.00425531914893617,
        0.005208333333333333,
        0.9914893617021276,
        0.005208333333333333,
        0.00425531914893617,
        0.9982638888888888,
        0.9914893617021276,
        0.9982638888888888
      ],
      "minPos": {
        "x": -116,
        "y": -286,
        "z": 0
      },
      "maxPos": {
        "x": 116,
        "y": 286,
        "z": 0
      }
    },
    "texture": "02ef892f-905f-4634-a032-e31bf55a9114@6c48a",
    "packable": true,
    "pixelsToUnit": 100,
    "pivot": {
      "x": 0.5,
      "y": 0.5
    },
    "meshType": 0
  }
}