{
  "__type__": "cc.SpriteFrame",
  "content": {
    "name": "upgrade_num",
    "atlas": "",
    "rect": {
      "x": 1,
      "y": 1,
      "width": 559,
      "height": 81
    },
    "offset": {
      "x": 0.5,
      "y": -0.5
    },
    "originalSize": {
      "width": 560,
      "height": 82
    },
    "rotated": false,
    "capInsets": [
      0,
      0,
      0,
      0
    ],
    "vertices": {
      "rawPosition": [
        -279.5,
        -40.5,
        0,
        279.5,
        -40.5,
        0,
        -279.5,
        40.5,
        0,
        279.5,
        40.5,
        0
      ],
      "indexes": [
        0,
        1,
        2,
        2,
        1,
        3
      ],
      "uv": [
        1,
        81,
        560,
        81,
        1,
        0,
        560,
        0
      ],
      "nuv": [
        0.0017857142857142857,
        0,
        1,
        0,
        0.0017857142857142857,
        0.9878048780487805,
        1,
        0.9878048780487805
      ],
      "minPos": {
        "x": -279.5,
        "y": -40.5,
        "z": 0
      },
      "maxPos": {
        "x": 279.5,
        "y": 40.5,
        "z": 0
      }
    },
    "texture": "516ab6f9-a06d-4242-90f2-63bb8fda0103@6c48a",
    "packable": true,
    "pixelsToUnit": 100,
    "pivot": {
      "x": 0.5,
      "y": 0.5
    },
    "meshType": 0
  }
}