{
  "__type__": "cc.SpriteFrame",
  "content": {
    "name": "XC_btn",
    "atlas": "",
    "rect": {
      "x": 0,
      "y": 6,
      "width": 303,
      "height": 129
    },
    "offset": {
      "x": -0.5,
      "y": -2.5
    },
    "originalSize": {
      "width": 304,
      "height": 136
    },
    "rotated": false,
    "capInsets": [
      0,
      0,
      0,
      0
    ],
    "vertices": {
      "rawPosition": [
        -151.5,
        -64.5,
        0,
        151.5,
        -64.5,
        0,
        -151.5,
        64.5,
        0,
        151.5,
        64.5,
        0
      ],
      "indexes": [
        0,
        1,
        2,
        2,
        1,
        3
      ],
      "uv": [
        0,
        130,
        303,
        130,
        0,
        1,
        303,
        1
      ],
      "nuv": [
        0,
        0.007352941176470588,
        0.9967105263157895,
        0.007352941176470588,
        0,
        0.9558823529411765,
        0.9967105263157895,
        0.9558823529411765
      ],
      "minPos": {
        "x": -151.5,
        "y": -64.5,
        "z": 0
      },
      "maxPos": {
        "x": 151.5,
        "y": 64.5,
        "z": 0
      }
    },
    "texture": "518eedf6-4030-4716-a86f-1e885d323e40@6c48a",
    "packable": true,
    "pixelsToUnit": 100,
    "pivot": {
      "x": 0.5,
      "y": 0.5
    },
    "meshType": 0
  }
}