{
  "__type__": "cc.SpriteFrame",
  "content": {
    "name": "setting",
    "atlas": "",
    "rect": {
      "x": 2,
      "y": 2,
      "width": 503,
      "height": 692
    },
    "offset": {
      "x": -2.5,
      "y": 164
    },
    "originalSize": {
      "width": 512,
      "height": 1024
    },
    "rotated": false,
    "capInsets": [
      0,
      0,
      0,
      0
    ],
    "vertices": {
      "rawPosition": [
        -251.5,
        -346,
        0,
        251.5,
        -346,
        0,
        -251.5,
        346,
        0,
        251.5,
        346,
        0
      ],
      "indexes": [
        0,
        1,
        2,
        2,
        1,
        3
      ],
      "uv": [
        2,
        1022,
        505,
        1022,
        2,
        330,
        505,
        330
      ],
      "nuv": [
        0.00390625,
        0.322265625,
        0.986328125,
        0.322265625,
        0.00390625,
        0.998046875,
        0.986328125,
        0.998046875
      ],
      "minPos": {
        "x": -251.5,
        "y": -346,
        "z": 0
      },
      "maxPos": {
        "x": 251.5,
        "y": 346,
        "z": 0
      }
    },
    "texture": "67adaee1-461d-4876-ad6d-bc9ee56bfbc3@6c48a",
    "packable": true,
    "pixelsToUnit": 100,
    "pivot": {
      "x": 0.5,
      "y": 0.5
    },
    "meshType": 0
  }
}