{
  "__type__": "cc.SpriteFrame",
  "content": {
    "name": "MJ_DJKS",
    "atlas": "",
    "rect": {
      "x": 2,
      "y": 1,
      "width": 1779,
      "height": 673
    },
    "offset": {
      "x": 0.5,
      "y": 0
    },
    "originalSize": {
      "width": 1782,
      "height": 675
    },
    "rotated": false,
    "capInsets": [
      0,
      0,
      0,
      0
    ],
    "vertices": {
      "rawPosition": [
        -889.5,
        -336.5,
        0,
        889.5,
        -336.5,
        0,
        -889.5,
        336.5,
        0,
        889.5,
        336.5,
        0
      ],
      "indexes": [
        0,
        1,
        2,
        2,
        1,
        3
      ],
      "uv": [
        2,
        674,
        1781,
        674,
        2,
        1,
        1781,
        1
      ],
      "nuv": [
        0.001122334455667789,
        0.0014814814814814814,
        0.999438832772166,
        0.0014814814814814814,
        0.001122334455667789,
        0.9985185185185185,
        0.999438832772166,
        0.9985185185185185
      ],
      "minPos": {
        "x": -889.5,
        "y": -336.5,
        "z": 0
      },
      "maxPos": {
        "x": 889.5,
        "y": 336.5,
        "z": 0
      }
    },
    "texture": "fa10ad13-621d-46d5-b832-65dd2f9e7842@6c48a",
    "packable": true,
    "pixelsToUnit": 100,
    "pivot": {
      "x": 0.5,
      "y": 0.5
    },
    "meshType": 0
  }
}