{
  "__type__": "cc.SpriteFrame",
  "content": {
    "name": "bg",
    "atlas": "",
    "rect": {
      "x": 0,
      "y": 0,
      "width": 443,
      "height": 265
    },
    "offset": {
      "x": -0.5,
      "y": 0.5
    },
    "originalSize": {
      "width": 444,
      "height": 266
    },
    "rotated": false,
    "capInsets": [
      16,
      16,
      16,
      16
    ],
    "vertices": {
      "rawPosition": [
        -221.5,
        -132.5,
        0,
        221.5,
        -132.5,
        0,
        -221.5,
        132.5,
        0,
        221.5,
        132.5,
        0
      ],
      "indexes": [
        0,
        1,
        2,
        2,
        1,
        3
      ],
      "uv": [
        0,
        266,
        443,
        266,
        0,
        1,
        443,
        1
      ],
      "nuv": [
        0,
        0.0037593984962406013,
        0.9977477477477478,
        0.0037593984962406013,
        0,
        1,
        0.9977477477477478,
        1
      ],
      "minPos": {
        "x": -221.5,
        "y": -132.5,
        "z": 0
      },
      "maxPos": {
        "x": 221.5,
        "y": 132.5,
        "z": 0
      }
    },
    "texture": "d650e70c-f0f8-4414-a4df-62b205eed09c@6c48a",
    "packable": true,
    "pixelsToUnit": 100,
    "pivot": {
      "x": 0.5,
      "y": 0.5
    },
    "meshType": 0
  }
}