{
  "__type__": "cc.SpriteFrame",
  "content": {
    "name": "vip",
    "atlas": "",
    "rect": {
      "x": 17,
      "y": 32,
      "width": 83,
      "height": 49
    },
    "offset": {
      "x": 0.5,
      "y": 1.5
    },
    "originalSize": {
      "width": 116,
      "height": 116
    },
    "rotated": false,
    "capInsets": [
      0,
      0,
      0,
      0
    ],
    "vertices": {
      "rawPosition": [
        -41.5,
        -24.5,
        0,
        41.5,
        -24.5,
        0,
        -41.5,
        24.5,
        0,
        41.5,
        24.5,
        0
      ],
      "indexes": [
        0,
        1,
        2,
        2,
        1,
        3
      ],
      "uv": [
        17,
        84,
        100,
        84,
        17,
        35,
        100,
        35
      ],
      "nuv": [
        0.14655172413793102,
        0.3017241379310345,
        0.8620689655172413,
        0.3017241379310345,
        0.14655172413793102,
        0.7241379310344828,
        0.8620689655172413,
        0.7241379310344828
      ],
      "minPos": {
        "x": -41.5,
        "y": -24.5,
        "z": 0
      },
      "maxPos": {
        "x": 41.5,
        "y": 24.5,
        "z": 0
      }
    },
    "texture": "92360f17-e235-4521-9655-6d098d0de1e4@6c48a",
    "packable": true,
    "pixelsToUnit": 100,
    "pivot": {
      "x": 0.5,
      "y": 0.5
    },
    "meshType": 0
  }
}