{
  "__type__": "cc.SpriteFrame",
  "content": {
    "name": "xiaoya",
    "atlas": "",
    "rect": {
      "x": 268,
      "y": 197,
      "width": 1222,
      "height": 959
    },
    "offset": {
      "x": 19,
      "y": -36.5
    },
    "originalSize": {
      "width": 1720,
      "height": 1280
    },
    "rotated": false,
    "capInsets": [
      0,
      0,
      0,
      0
    ],
    "vertices": {
      "rawPosition": [
        -611,
        -479.5,
        0,
        611,
        -479.5,
        0,
        -611,
        479.5,
        0,
        611,
        479.5,
        0
      ],
      "indexes": [
        0,
        1,
        2,
        2,
        1,
        3
      ],
      "uv": [
        268,
        1083,
        1490,
        1083,
        268,
        124,
        1490,
        124
      ],
      "nuv": [
        0.1558139534883721,
        0.096875,
        0.8662790697674418,
        0.096875,
        0.1558139534883721,
        0.84609375,
        0.8662790697674418,
        0.84609375
      ],
      "minPos": {
        "x": -611,
        "y": -479.5,
        "z": 0
      },
      "maxPos": {
        "x": 611,
        "y": 479.5,
        "z": 0
      }
    },
    "texture": "1f071f13-2c70-453f-9b9a-509b2f235856@6c48a",
    "packable": true,
    "pixelsToUnit": 100,
    "pivot": {
      "x": 0.5,
      "y": 0.5
    },
    "meshType": 0
  }
}