{
  "__type__": "cc.SpriteFrame",
  "content": {
    "name": "mall",
    "atlas": "",
    "rect": {
      "x": 2,
      "y": 2,
      "width": 2031,
      "height": 2045
    },
    "offset": {
      "x": -6.5,
      "y": -0.5
    },
    "originalSize": {
      "width": 2048,
      "height": 2048
    },
    "rotated": false,
    "capInsets": [
      0,
      0,
      0,
      0
    ],
    "vertices": {
      "rawPosition": [
        -1015.5,
        -1022.5,
        0,
        1015.5,
        -1022.5,
        0,
        -1015.5,
        1022.5,
        0,
        1015.5,
        1022.5,
        0
      ],
      "indexes": [
        0,
        1,
        2,
        2,
        1,
        3
      ],
      "uv": [
        2,
        2046,
        2033,
        2046,
        2,
        1,
        2033,
        1
      ],
      "nuv": [
        0.0009765625,
        0.00048828125,
        0.99267578125,
        0.00048828125,
        0.0009765625,
        0.9990234375,
        0.99267578125,
        0.9990234375
      ],
      "minPos": {
        "x": -1015.5,
        "y": -1022.5,
        "z": 0
      },
      "maxPos": {
        "x": 1015.5,
        "y": 1022.5,
        "z": 0
      }
    },
    "texture": "98c046af-8a6a-4041-87cd-a41e7e0c77d9@6c48a",
    "packable": true,
    "pixelsToUnit": 100,
    "pivot": {
      "x": 0.5,
      "y": 0.5
    },
    "meshType": 0
  }
}