{
  "__type__": "cc.SpriteFrame",
  "content": {
    "name": "match",
    "atlas": "",
    "rect": {
      "x": 0,
      "y": 0,
      "width": 481,
      "height": 145
    },
    "offset": {
      "x": -1.5,
      "y": 0
    },
    "originalSize": {
      "width": 484,
      "height": 145
    },
    "rotated": false,
    "capInsets": [
      0,
      0,
      0,
      0
    ],
    "vertices": {
      "rawPosition": [
        -240.5,
        -72.5,
        0,
        240.5,
        -72.5,
        0,
        -240.5,
        72.5,
        0,
        240.5,
        72.5,
        0
      ],
      "indexes": [
        0,
        1,
        2,
        2,
        1,
        3
      ],
      "uv": [
        0,
        145,
        481,
        145,
        0,
        0,
        481,
        0
      ],
      "nuv": [
        0,
        0,
        0.993801652892562,
        0,
        0,
        1,
        0.993801652892562,
        1
      ],
      "minPos": {
        "x": -240.5,
        "y": -72.5,
        "z": 0
      },
      "maxPos": {
        "x": 240.5,
        "y": 72.5,
        "z": 0
      }
    },
    "texture": "126aabfd-09c1-4329-8cad-80ea7d249ad4@6c48a",
    "packable": true,
    "pixelsToUnit": 100,
    "pivot": {
      "x": 0.5,
      "y": 0.5
    },
    "meshType": 0
  }
}