{
  "__type__": "cc.SpriteFrame",
  "content": {
    "name": "qiandao_btn_light",
    "atlas": "",
    "rect": {
      "x": 6,
      "y": 0,
      "width": 184,
      "height": 85
    },
    "offset": {
      "x": 1,
      "y": 0
    },
    "originalSize": {
      "width": 194,
      "height": 85
    },
    "rotated": false,
    "capInsets": [
      0,
      0,
      0,
      0
    ],
    "vertices": {
      "rawPosition": [
        -92,
        -42.5,
        0,
        92,
        -42.5,
        0,
        -92,
        42.5,
        0,
        92,
        42.5,
        0
      ],
      "indexes": [
        0,
        1,
        2,
        2,
        1,
        3
      ],
      "uv": [
        6,
        85,
        190,
        85,
        6,
        0,
        190,
        0
      ],
      "nuv": [
        0.030927835051546393,
        0,
        0.979381443298969,
        0,
        0.030927835051546393,
        1,
        0.979381443298969,
        1
      ],
      "minPos": {
        "x": -92,
        "y": -42.5,
        "z": 0
      },
      "maxPos": {
        "x": 92,
        "y": 42.5,
        "z": 0
      }
    },
    "texture": "90472f64-5c60-4a13-8c57-a0162d4164d2@6c48a",
    "packable": true,
    "pixelsToUnit": 100,
    "pivot": {
      "x": 0.5,
      "y": 0.5
    },
    "meshType": 0
  }
}